frame,timestamp,trunk_sagittal_tilt_deg,trunk_lateral_tilt_deg,pelvic_obliquity_deg,pelvic_tilt_sagittal_deg,pelvis_yaw_deg,shoulder_yaw_deg,pelvis_shoulder_dissociation_deg,hip_flex_R_deg,hip_flex_L_deg,knee_flex_R_deg,knee_flex_L_deg,ankle_dorsi_R_deg,ankle_dorsi_L_deg,hip_rotation_index_deg,shoulder_rotation_index_deg
8,0.2666,-6.5198,179.752,-176.2711,-65.8929,-176.2711,179.752,-3.9769,1.6402,1.3551,177.6646,172.8295,166.5135,174.1498,0.285,-3.9769
9,0.2999,-6.2463,179.6292,-176.367,-65.7402,-176.367,179.6292,-4.0038,1.4719,2.8684,177.3306,174.0426,162.9088,174.4293,-1.3964,-4.0038
10,0.3332,-6.1912,179.9382,-176.6726,-66.7977,-176.6726,179.9382,-3.3892,1.0855,4.4255,176.7991,175.5024,159.5244,174.6025,-3.34,-3.3892
11,0.3666,-6.035,-179.8767,-176.5883,-67.1931,-176.5883,-179.8767,-3.2883,0.9588,5.9023,173.5901,176.4399,156.4766,175.6351,-4.9434,-3.2883
12,0.3999,-6.1054,-179.8175,-176.7542,-68.5661,-176.7542,-179.8175,-3.0633,2.2668,7.3595,171.4188,177.5919,154.5726,177.7915,-5.0927,-3.0633
13,0.4332,-6.0275,-179.8785,-176.6399,-69.3941,-176.6399,-179.8785,-3.2386,3.5469,8.0992,169.0892,178.1296,152.3129,178.7765,-4.5524,-3.2386
14,0.4665,-6.4655,-179.8189,-176.6399,-70.2781,-176.6399,-179.8189,-3.179,4.48,8.3721,167.5097,177.8482,151.3781,179.4302,-3.8921,-3.179
15,0.4999,-6.6932,-179.8799,-176.6588,-70.8065,-176.6588,-179.8799,-3.221,4.6069,8.5095,167.3452,177.6075,152.4862,179.373,-3.9027,-3.221
16,0.5332,-6.9478,-179.7623,-176.6651,-70.5892,-176.6651,-179.7623,-3.0972,4.1765,8.5996,168.8204,177.4375,155.8039,179.9808,-4.4231,-3.0972
17,0.5665,-7.3913,-179.4093,-176.6776,-70.1217,-176.6776,-179.4093,-2.7318,3.2802,8.8607,170.9166,177.1749,156.4911,178.6191,-5.5806,-2.7318
18,0.5998,-7.3913,-179.292,-176.6776,-69.4499,-176.6776,-179.292,-2.6144,2.5375,9.2683,173.3065,177.0622,158.4899,177.8184,-6.7308,-2.6144
19,0.6332,-7.3821,-179.1141,-176.4835,-68.7278,-176.4835,-179.1141,-2.6306,1.3765,9.4972,176.1087,176.5424,159.4877,176.6504,-8.1207,-2.6306
20,0.6665,-6.9926,-179.1141,-176.5029,-68.4963,-176.5029,-179.1141,-2.6111,1.036,9.7752,177.8389,176.437,159.3085,176.4643,-8.7392,-2.6111
21,0.6998,-6.8878,-179.1131,-176.5094,-68.4276,-176.5094,-179.1131,-2.6038,0.4042,10.0018,179.6893,176.6882,161.4479,176.9376,-9.5977,-2.6038
22,0.7331,-6.6439,-179.0579,-176.7265,-68.2621,-176.7265,-179.0579,-2.3314,0.5017,10.1809,178.1749,176.9708,166.0142,176.9881,-9.6792,-2.3314
23,0.7665,-6.0457,-179.0703,-177.0643,-68.1889,-177.0643,-179.0703,-2.006,0.7985,10.1998,177.2892,176.9409,169.7574,177.0722,-9.4013,-2.006
24,0.7998,-5.417,-179.3186,-177.3322,-68.9607,-177.3322,-179.3186,-1.9864,1.9886,10.1543,175.9044,176.9324,171.0727,177.0049,-8.1656,-1.9864
25,0.8331,-4.8971,-179.4925,-177.4664,-69.1755,-177.4664,-179.4925,-2.026,2.8025,10.0989,175.0023,176.8333,171.5414,176.5755,-7.2965,-2.026
26,0.8664,-4.7751,-179.5511,-177.4886,-68.8131,-177.4886,-179.5511,-2.0624,3.6252,9.4794,174.3083,176.1232,171.9614,176.3875,-5.8542,-2.0624
27,0.8998,-4.6262,-179.7208,-177.5191,-69.3669,-177.5191,-179.7208,-2.2017,4.4137,8.8169,173.9132,175.3875,171.9377,176.8017,-4.4031,-2.2017
28,0.9331,-4.3354,-179.8336,-177.4244,-69.5455,-177.4244,-179.8336,-2.4092,4.6408,8.0128,173.8879,174.2542,172.3265,176.7623,-3.372,-2.4092
29,0.9664,-4.1933,180.0,-177.6141,-70.0169,-177.6141,180.0,-2.3859,4.0366,7.0863,175.3718,172.8218,171.7619,176.2179,-3.0498,-2.3859
30,0.9997,-4.2942,179.944,-177.6264,-69.9509,-177.6264,179.944,-2.4295,3.9656,5.8881,176.4302,171.2673,171.087,175.7258,-1.9225,-2.4295
31,1.0331,-4.3884,179.8325,-177.6305,-69.7671,-177.6305,179.8325,-2.537,3.8802,4.7983,176.9197,169.3802,171.2629,173.1572,-0.918,-2.537
32,1.0664,-4.5526,179.7768,-177.3439,-69.207,-177.3439,179.7768,-2.8793,4.0785,4.6411,176.9248,170.6049,170.9059,170.3099,-0.5626,-2.8793
33,1.0997,-4.5925,179.7764,-177.2409,-68.6892,-177.2409,179.7764,-2.9827,3.9073,4.0856,177.3946,172.129,169.9305,170.0183,-0.1783,-2.9827
34,1.133,-4.8575,179.8328,-177.0543,-68.2948,-177.0543,179.8328,-3.1129,4.1922,3.4336,177.2001,173.8882,168.7665,170.7174,0.7586,-3.1129
35,1.1664,-5.2364,179.9445,-176.9872,-66.4315,-176.9872,179.9445,-3.0683,4.1995,3.1572,177.1714,176.1609,167.6173,163.2761,1.0423,-3.0683
36,1.1997,-5.8358,-179.7781,-176.5376,-64.8756,-176.5376,-179.7781,-3.2406,4.0505,3.7734,177.0213,179.3062,167.8648,169.9456,0.2771,-3.2406
37,1.233,-6.2819,-179.6136,-176.1794,-64.533,-176.1794,-179.6136,-3.4342,2.3413,4.3066,178.4462,178.2519,167.9025,179.1163,-1.9653,-3.4342
38,1.2663,-6.5366,-179.0599,-175.8296,-63.5538,-175.8296,-179.0599,-3.2303,0.0984,5.553,179.4085,176.2778,168.5122,176.5684,-5.4545,-3.2303
39,1.2997,-6.945,-178.6729,-175.7158,-62.7684,-175.7158,-178.6729,-2.9571,1.9783,6.4384,177.8244,175.9908,169.2998,176.2407,-4.4601,-2.9571
40,1.333,-7.3041,-178.3997,-175.4022,-62.4637,-175.4022,-178.3997,-2.9975,3.2076,6.3076,177.1882,177.1208,169.8707,175.3438,-3.1,-2.9975
41,1.3663,-7.2216,-178.3397,-175.5095,-63.3035,-175.5095,-178.3397,-2.8302,5.0274,5.5746,175.6688,179.9559,170.2048,177.5667,-0.5471,-2.8302
42,1.3996,-7.1972,-178.2927,-175.8368,-65.9322,-175.8368,-178.2927,-2.4559,6.5083,6.1805,174.5184,178.8078,170.5252,179.7523,0.3277,-2.4559
43,1.433,-7.053,-178.241,-175.8582,-67.6333,-175.8582,-178.241,-2.3828,8.9621,6.7098,171.1448,177.0825,168.6546,175.2717,2.2522,-2.3828
44,1.4663,-7.5009,-178.1454,-175.9213,-69.4011,-175.9213,-178.1454,-2.2241,10.249,7.6832,169.3234,177.362,167.3363,175.7568,2.5658,-2.2241
45,1.4996,-8.2213,-178.1646,-176.0581,-69.9386,-176.0581,-178.1646,-2.1065,10.2676,7.3033,168.5321,175.9398,165.0181,175.4071,2.9642,-2.1065
46,1.5329,-9.2829,-178.0493,-175.8058,-69.8195,-175.8058,-178.0493,-2.2435,8.5664,6.6544,168.7655,174.3546,163.0131,174.7604,1.9119,-2.2435
47,1.5663,-9.9262,-177.9546,-175.5578,-69.9482,-175.5578,-177.9546,-2.3967,6.6091,6.7043,170.8878,173.5914,167.3577,174.2061,-0.0953,-2.3967
48,1.5996,-10.6315,-177.869,-175.486,-71.0771,-175.486,-177.869,-2.383,4.1347,6.3194,173.6061,172.7802,171.9879,173.8375,-2.1847,-2.383
49,1.6329,-10.5844,-177.7284,-175.213,-70.1505,-175.213,-177.7284,-2.5154,2.9825,5.8036,175.0745,171.3303,173.9223,172.7754,-2.8211,-2.5154
50,1.6662,-10.8496,-177.6863,-175.1116,-70.6938,-175.1116,-177.6863,-2.5747,2.4013,5.5156,175.2418,170.5659,166.5897,171.9539,-3.1142,-2.5747
51,1.6996,-10.5579,-177.701,-175.3141,-70.1135,-175.3141,-177.701,-2.3869,2.3336,6.2885,175.8133,171.1325,163.1006,172.1631,-3.9548,-2.3869
52,1.7329,-9.8205,-177.6032,-175.5869,-68.0979,-175.5869,-177.6032,-2.0163,2.2335,7.3344,177.1051,172.0378,163.0398,174.0781,-5.1009,-2.0163
53,1.7662,-9.3099,-177.6054,-175.994,-66.9078,-175.994,-177.6054,-1.6114,0.2653,7.9477,179.2043,172.3092,164.1923,172.6422,-7.6825,-1.6114
54,1.7995,-8.8901,-177.5556,-176.0805,-66.8301,-176.0805,-177.5556,-1.4751,1.8505,8.3659,174.9832,172.9108,168.2581,173.0888,-6.5154,-1.4751
55,1.8329,-8.4853,-177.7715,-176.1921,-69.0341,-176.1921,-177.7715,-1.5794,2.949,8.3499,173.5557,172.3907,172.4388,168.2005,-5.4009,-1.5794
56,1.8662,-8.0094,-177.6764,-176.5738,-68.8621,-176.5738,-177.6764,-1.1026,3.2317,8.4335,173.3727,172.0145,176.1632,165.3092,-5.2018,-1.1026
57,1.8995,-7.5148,-177.7563,-176.5793,-68.7163,-176.5793,-177.7563,-1.177,2.8072,8.6292,174.594,172.0832,179.1062,165.0906,-5.822,-1.177
58,1.9328,-7.4706,-177.8284,-176.6389,-70.1269,-176.6389,-177.8284,-1.1896,3.3813,8.2438,174.5224,171.2211,179.5023,164.8029,-4.8624,-1.1896
59,1.9662,-7.2597,-177.951,-176.6809,-70.0346,-176.6809,-177.951,-1.2701,4.0436,7.9022,173.9527,170.2086,179.8611,164.6833,-3.8586,-1.2701
60,1.9995,-6.8499,-178.3197,-176.8054,-70.2349,-176.8054,-178.3197,-1.5143,4.483,6.9919,173.5912,168.268,179.6727,164.5819,-2.509,-1.5143
61,2.0328,-6.3862,-178.5777,-176.5769,-70.0936,-176.5769,-178.5777,-2.0008,4.6583,5.8515,173.9033,165.591,179.616,164.2432,-1.1932,-2.0008
62,2.0661,-6.4122,-178.5874,-176.456,-70.8282,-176.456,-178.5874,-2.1314,5.3717,4.8739,173.454,164.2889,179.1011,165.9024,0.4978,-2.1314
63,2.0995,-6.4632,-178.6407,-176.3059,-70.2604,-176.3059,-178.6407,-2.3348,5.8298,3.4075,173.2379,161.63,179.3979,163.8608,2.4223,-2.3348
64,2.1328,-6.8637,-178.6418,-176.3496,-70.3755,-176.3496,-178.6418,-2.2923,6.5852,2.5507,172.8224,164.3023,178.3119,163.0621,4.0345,-2.2923
65,2.1661,-6.9657,-178.6418,-176.5292,-70.0683,-176.5292,-178.6418,-2.1126,6.6898,2.1211,173.0555,167.4373,177.255,167.6222,4.5687,-2.1126
66,2.1994,-7.0458,-178.6418,-176.5343,-68.4974,-176.5343,-178.6418,-2.1075,6.7951,1.6925,173.4596,169.7501,175.1714,170.5472,5.1025,-2.1075
67,2.2328,-7.0962,-178.7431,-176.703,-67.5006,-176.703,-178.7431,-2.0401,6.5393,1.6795,173.9625,171.9519,173.9706,170.2724,4.8598,-2.0401
68,2.2661,-7.369,-178.7536,-176.6187,-67.3386,-176.6187,-178.7536,-2.1349,6.8496,1.3804,173.484,173.9489,173.6437,172.3474,5.4692,-2.1349
69,2.2994,-7.5303,-178.8105,-176.7968,-65.8478,-176.7968,-178.8105,-2.0137,7.0929,1.2768,172.7398,174.7067,174.0892,173.6581,5.8161,-2.0137
70,2.3327,-7.9527,-178.7143,-176.3817,-64.8782,-176.3817,-178.7143,-2.3326,6.6246,2.0993,172.8721,177.3233,173.9526,174.7192,4.5252,-2.3326
71,2.3661,-8.7028,-178.6028,-176.3247,-65.8046,-176.3247,-178.6028,-2.2781,6.161,2.7768,172.9952,178.8114,176.5679,176.7787,3.3842,-2.2781
72,2.3994,-9.556,-178.0924,-175.742,-65.8359,-175.742,-178.0924,-2.3504,5.3638,2.8824,173.9501,178.9988,177.2179,178.3622,2.4814,-2.3504
73,2.4327,-10.194,-177.7552,-175.4294,-65.9878,-175.4294,-177.7552,-2.3258,4.4248,2.9748,175.1338,178.8301,177.089,179.9164,1.45,-2.3258
74,2.466,-9.9506,-177.5964,-176.4033,-65.2052,-176.4033,-177.5964,-1.1931,2.8886,4.2065,177.3024,179.0974,175.619,179.1447,-1.3179,-1.1931
75,2.4994,-10.2125,-177.4677,-176.6717,-65.3407,-176.6717,-177.4677,-0.796,1.5458,4.2571,179.9531,177.3604,170.2938,178.5238,-2.7113,-0.796
76,2.5327,-10.4164,-177.4355,-176.6099,-67.2357,-176.6099,-177.4355,-0.8257,0.0836,4.5453,177.6039,176.0459,166.1093,175.981,-4.4617,-0.8257
77,2.566,-10.1837,-177.6372,-176.4388,-68.1033,-176.4388,-177.6372,-1.1984,1.4857,5.1728,175.0669,175.645,164.7976,174.2036,-3.6871,-1.1984
78,2.5993,-9.6758,-177.658,-176.3632,-68.7814,-176.3632,-177.658,-1.2948,2.9165,5.9965,173.5688,175.275,169.2673,172.6951,-3.08,-1.2948
79,2.6327,-9.1589,-177.9984,-176.695,-70.3238,-176.695,-177.9984,-1.3034,2.4137,6.393,176.115,174.7411,175.7806,171.2625,-3.9794,-1.3034
80,2.666,-8.5928,-178.1014,-176.7135,-70.7065,-176.7135,-178.1014,-1.3879,1.7976,7.2817,178.8785,174.8216,178.8139,170.2465,-5.4841,-1.3879
81,2.6993,-8.493,-178.0729,-176.568,-69.9684,-176.568,-178.0729,-1.505,0.8598,7.7023,179.0439,174.6302,178.1841,169.8852,-6.8425,-1.505
82,2.7326,-8.4052,-178.0729,-176.7766,-69.4012,-176.7766,-178.0729,-1.2964,0.306,8.5734,177.8416,175.0375,179.1899,169.8681,-8.2674,-1.2964
83,2.766,-7.8912,-177.9897,-177.1064,-67.8288,-177.1064,-177.9897,-0.8833,0.3089,8.7102,178.093,174.2019,177.4523,169.6082,-8.4013,-0.8833
84,2.7993,-7.3841,-178.0419,-177.6076,-66.2015,-177.6076,-178.0419,-0.4343,0.5326,9.6831,176.53,174.9146,176.3445,169.348,-9.1505,-0.4343
85,2.8326,-7.2287,-177.7838,-177.3138,-67.7241,-177.3138,-177.7838,-0.4699,2.5481,9.6404,172.6433,174.0983,178.7678,169.7873,-7.0923,-0.4699
86,2.8659,-7.2279,-177.8247,-177.1568,-69.349,-177.1568,-177.8247,-0.6679,4.0803,9.5134,170.1697,173.9983,177.3721,172.2212,-5.433,-0.6679
87,2.8993,-6.4201,-178.0011,-177.084,-70.1646,-177.084,-178.0011,-0.9171,4.3535,9.5134,170.1298,174.3803,172.7324,173.9898,-5.1599,-0.9171
88,2.9326,-5.3622,-178.1877,-177.1568,-68.9171,-177.1568,-178.1877,-1.0309,4.2472,9.335,170.3737,173.9715,168.5532,173.5986,-5.0878,-1.0309
89,2.9659,-5.0785,-178.2415,-177.4906,-68.3885,-177.4906,-178.2415,-0.7508,4.7155,9.0963,170.0715,173.6407,168.1591,172.2405,-4.3808,-0.7508
90,2.9992,-5.1621,-178.2466,-177.3736,-68.1915,-177.3736,-178.2466,-0.873,5.2464,8.8152,169.7012,172.7401,168.2965,169.8564,-3.5688,-0.873
91,3.0326,-4.9122,-178.3019,-177.5041,-68.1525,-177.5041,-178.3019,-0.7979,5.2464,8.81,170.6973,172.761,169.1876,169.6973,-3.5636,-0.7979
92,3.0659,-5.2591,-178.3249,-177.4266,-65.9379,-177.4266,-178.3249,-0.8983,5.7815,7.35,171.7199,170.0432,170.5286,168.8269,-1.5685,-0.8983
93,3.0992,-5.0219,-178.301,-177.5197,-65.3597,-177.5197,-178.301,-0.7814,5.6246,6.4831,172.8404,168.4419,171.5726,169.2852,-0.8584,-0.7814
94,3.1325,-5.1672,-178.4257,-177.4708,-66.8973,-177.4708,-178.4257,-0.9549,5.6397,5.2146,173.6573,166.5422,172.5753,168.9642,0.425,-0.9549
95,3.1659,-5.3958,-178.6303,-177.1271,-65.3175,-177.1271,-178.6303,-1.5032,6.222,3.3794,173.3515,163.9639,172.6987,164.8209,2.8426,-1.5032
96,3.1992,-5.4961,-178.7555,-177.2073,-65.9315,-177.2073,-178.7555,-1.5482,6.3876,2.3343,173.4686,164.5334,173.3823,161.4392,4.0533,-1.5482
97,3.2325,-5.6621,-178.7109,-177.3564,-63.9069,-177.3564,-178.7109,-1.3545,6.5683,2.0171,173.6495,167.9361,174.8435,161.6534,4.5512,-1.3545
98,3.2658,-5.6097,-178.7503,-177.5589,-59.5132,-177.5589,-178.7503,-1.1913,6.2851,1.3538,174.5208,169.2116,176.8876,162.2526,4.9313,-1.1913
99,3.2992,-5.6003,-178.9122,-177.3467,-60.9865,-177.3467,-178.9122,-1.5655,6.1281,1.1994,175.2358,170.9867,177.8485,161.798,4.9288,-1.5655
100,3.3325,-6.0216,-178.9145,-177.1549,-60.4591,-177.1549,-178.9145,-1.7596,6.2934,1.195,175.2858,172.4008,176.9747,166.8457,5.0985,-1.7596
101,3.3658,-6.3766,-178.7667,-177.3098,-56.3391,-177.3098,-178.7667,-1.457,5.7177,2.1756,176.1041,174.6531,177.3372,171.6423,3.5421,-1.457
102,3.3991,-7.2481,-178.5373,-177.1274,-57.288,-177.1274,-178.5373,-1.4099,5.7106,3.0566,175.8968,177.1097,176.5278,175.7039,2.654,-1.4099
103,3.4325,-7.5045,-178.5403,-176.9872,-55.9338,-176.9872,-178.5403,-1.5531,4.9234,4.0856,176.3267,179.4175,175.2696,178.6171,0.8378,-1.5531
104,3.4658,-7.6314,-178.4614,-176.9078,-50.2557,-176.9078,-178.4614,-1.5536,3.928,4.9367,176.9838,179.477,174.3569,179.0951,-1.0087,-1.5536
105,3.4991,-7.6836,-178.3881,-176.8278,-53.6521,-176.8278,-178.3881,-1.5603,2.7094,5.2318,177.5922,179.6312,174.1988,179.706,-2.5224,-1.5603
106,3.5324,-7.7839,-178.1221,-176.759,-55.437,-176.759,-178.1221,-1.3631,1.4162,5.3411,178.6623,178.0831,175.5871,177.8927,-3.925,-1.3631
107,3.5658,-7.6825,-178.2643,-176.5895,-58.4084,-176.5895,-178.2643,-1.6748,0.213,5.6355,179.8837,177.0198,178.8729,176.5064,-5.4225,-1.6748
108,3.5991,-7.8984,-178.2643,-176.7373,-59.99,-176.7373,-178.2643,-1.527,0.7013,5.4371,178.0743,175.4406,178.4748,175.2127,-4.7358,-1.527
109,3.6324,-7.8363,-178.2759,-176.4237,-59.5239,-176.4237,-178.2759,-1.8522,2.1863,5.6153,175.7716,174.1719,174.7857,173.2425,-3.429,-1.8522
110,3.6657,-8.1301,-178.3331,-176.4362,-62.1226,-176.4362,-178.3331,-1.8969,3.2424,5.8333,173.0484,173.7669,170.0816,171.9859,-2.5909,-1.8969
111,3.6991,-8.2187,-178.2723,-176.8091,-61.1404,-176.8091,-178.2723,-1.4631,3.7815,6.2875,172.1017,173.303,171.869,171.2811,-2.506,-1.4631
112,3.7324,-7.9146,-178.4006,-176.8312,-62.0299,-176.8312,-178.4006,-1.5694,3.8368,7.2076,173.5333,173.6166,175.5585,170.6215,-3.3707,-1.5694
113,3.7657,-7.8702,-178.4448,-176.8421,-63.0683,-176.8421,-178.4448,-1.6028,3.1761,7.8242,175.7156,173.8383,178.1701,170.3152,-4.6481,-1.6028
114,3.799,-7.642,-178.415,-176.7517,-62.6736,-176.7517,-178.415,-1.6633,2.6599,9.1083,177.3401,174.9203,178.8767,169.8754,-6.4484,-1.6633
115,3.8324,-7.4751,-178.4627,-177.0346,-57.834,-177.0346,-178.4627,-1.4281,2.3533,9.291,178.3735,174.1484,178.5171,169.065,-6.9377,-1.4281
116,3.8657,-7.632,-178.444,-177.112,-53.8241,-177.112,-178.444,-1.3321,1.8811,9.484,179.9647,174.3183,178.9669,169.4203,-7.603,-1.3321
117,3.899,-7.6147,-178.3036,-177.0578,-55.237,-177.0578,-178.3036,-1.2459,1.1394,9.4843,178.1852,174.336,179.2964,169.6799,-8.3449,-1.2459
118,3.9323,-7.1785,-178.3553,-177.1376,-55.1666,-177.1376,-178.3553,-1.2177,0.0625,9.5055,175.2433,173.3163,177.0548,168.8938,-9.443,-1.2177
119,3.9657,-6.5053,-178.3855,-178.0951,-57.2829,-178.0951,-178.3855,-0.2904,0.7425,9.4299,173.7989,172.8318,177.0675,168.5282,-8.6875,-0.2904
120,3.999,-6.0761,-178.2242,-177.9704,-56.8185,-177.9704,-178.2242,-0.2538,1.2427,9.4073,172.9824,172.858,176.454,167.4831,-8.1647,-0.2538
121,4.0323,-5.4722,-178.2973,-178.5538,-61.1571,-178.5538,-178.2973,0.2565,1.7489,9.4065,172.4293,172.5986,176.716,166.429,-7.6576,0.2565
122,4.0656,-4.2535,-178.4445,-178.8207,-60.6501,-178.8207,-178.4445,0.3762,2.527,8.9863,171.5687,171.6882,177.0594,165.4839,-6.4593,0.3762
123,4.099,-3.7919,-178.6473,-178.7175,-61.5308,-178.7175,-178.6473,0.0701,3.9852,8.2314,170.0818,170.1542,177.7025,164.5386,-4.2462,0.0701
124,4.1323,-3.4657,-178.8288,-178.8566,-61.3911,-178.8566,-178.8288,0.0278,4.5172,6.449,170.635,167.2666,178.1733,163.8154,-1.9317,0.0278
125,4.1656,-3.6847,-178.9669,-178.71,-60.8611,-178.71,-178.9669,-0.2568,5.6863,4.7424,170.1165,164.3158,178.3266,163.2343,0.9439,-0.2568
126,4.1989,-4.0207,-179.0301,-178.6664,-60.5187,-178.6664,-179.0301,-0.3637,6.4735,3.1478,169.7793,162.3945,179.1393,162.8067,3.3258,-0.3637
127,4.2323,-4.1879,-179.2676,-178.8485,-61.1344,-178.8485,-179.2676,-0.4191,7.0731,1.9727,169.5272,162.1304,179.319,160.2842,5.1004,-0.4191
128,4.2656,-4.7535,-179.2659,-178.6785,-60.9396,-178.6785,-179.2659,-0.5874,8.0711,0.8551,168.5794,163.1447,179.7362,158.1782,7.216,-0.5874
129,4.2989,-5.264,-179.2659,-178.5693,-62.2071,-178.5693,-179.2659,-0.6966,8.6033,0.4118,168.1845,164.7047,179.8735,156.3887,8.1916,-0.6966
130,4.3322,-5.5031,-179.0363,-178.1653,-61.2503,-178.1653,-179.0363,-0.871,8.2717,0.8869,169.3694,167.9732,178.0888,160.5485,7.3848,-0.871
131,4.3656,-5.7579,-178.9781,-178.0468,-57.5665,-178.0468,-178.9781,-0.9313,7.8814,0.9798,170.273,170.1228,176.9291,158.4712,6.9015,-0.9313
132,4.3989,-6.3663,-178.9977,-177.8768,-57.7272,-177.8768,-178.9977,-1.121,7.6679,0.7374,170.7393,172.3415,176.2179,160.0558,6.9305,-1.121
133,4.4322,-6.6442,-179.0446,-178.297,-52.0155,-178.297,-179.0446,-0.7477,7.5908,0.1115,171.326,175.0772,174.3647,166.7523,7.4793,-0.7477
134,4.4655,-6.9297,-179.0785,-178.2031,-53.603,-178.2031,-179.0785,-0.8754,7.2951,0.6656,171.8641,177.0517,173.2166,171.4109,6.6296,-0.8754
135,4.4989,-7.5422,-178.9292,-177.9447,-50.1538,-177.9447,-178.9292,-0.9845,7.0584,1.4958,172.0146,178.1765,173.643,172.5344,5.5626,-0.9845
136,4.5322,-8.2263,-178.7465,-177.4911,-54.4829,-177.4911,-178.7465,-1.2554,5.942,1.8894,173.4812,179.3434,173.0453,176.9911,4.0527,-1.2554
137,4.5655,-8.8402,-178.7492,-177.1266,-58.3469,-177.1266,-178.7492,-1.6226,4.8271,2.8433,174.527,179.8173,172.9791,178.8377,1.9838,-1.6226
138,4.5988,-8.9668,-178.9408,-176.6758,-58.386,-176.6758,-178.9408,-2.265,2.7126,3.0384,176.803,178.7924,169.9743,175.8667,-0.3259,-2.265
139,4.6322,-9.2385,-179.2615,-176.5533,-57.8664,-176.5533,-179.2615,-2.7083,1.3901,3.2998,178.3172,177.3102,167.6473,173.5529,-1.9097,-2.7083
140,4.6655,-9.4922,-179.2957,-176.2791,-55.0149,-176.2791,-179.2957,-3.0166,0.9382,3.5057,177.9326,175.7649,166.1428,171.3674,-2.5675,-3.0166
141,4.6988,-9.4742,-179.2721,-176.5546,-58.0522,-176.5546,-179.2721,-2.7175,3.6896,4.0245,173.4976,174.7399,163.8348,169.7239,-0.3349,-2.7175
142,4.7321,-9.7235,-179.2418,-176.4571,-58.8248,-176.4571,-179.2418,-2.7846,5.8172,4.3905,169.3913,173.8198,161.0208,168.2696,1.4267,-2.7846
143,4.7655,-9.5452,-179.2221,-176.0898,-64.0562,-176.0898,-179.2221,-3.1323,7.4988,4.8915,166.8233,173.0166,162.4984,167.1878,2.6072,-3.1323
144,4.7988,-9.7276,-179.1099,-176.2395,-66.5678,-176.2395,-179.1099,-2.8704,7.6605,5.302,166.7553,173.0641,163.4617,166.7225,2.3584,-2.8704
145,4.8321,-9.8597,-178.7438,-176.7053,-64.6641,-176.7053,-178.7438,-2.0386,6.3759,5.5344,169.3409,172.416,167.2309,166.0858,0.8415,-2.0386
146,4.8654,-9.4566,-178.3544,-176.8086,-62.8895,-176.8086,-178.3544,-1.5458,5.1706,6.7161,172.4703,172.6933,167.4259,165.3085,-1.5455,-1.5458
147,4.8988,-8.9136,-178.3026,-177.0417,-62.7356,-177.0417,-178.3026,-1.2609,4.2971,7.5591,175.0109,173.2409,166.6193,166.1357,-3.262,-1.2609
148,4.9321,-8.6116,-178.3111,-177.2761,-63.1076,-177.2761,-178.3111,-1.035,2.8934,7.713,177.875,172.393,168.2875,164.3443,-4.8196,-1.035
149,4.9654,-8.3717,-178.2859,-176.9764,-65.6749,-176.9764,-178.2859,-1.3095,2.123,8.4491,179.7968,173.2332,169.059,164.333,-6.3261,-1.3095
150,4.9987,-7.8659,-178.2394,-177.1986,-65.6697,-177.1986,-178.2394,-1.0407,0.9257,9.3549,177.2652,173.7061,172.6494,163.6798,-8.4292,-1.0407
151,5.0321,-7.8659,-177.7887,-176.9791,-67.1314,-176.9791,-177.7887,-0.8095,0.2052,8.9868,174.6768,172.9785,178.1212,163.0895,-8.7816,-0.8095
152,5.0654,-7.019,-177.9215,-176.939,-65.6858,-176.939,-177.9215,-0.9825,0.2604,9.6715,174.9224,173.3017,178.6502,162.6112,-9.4111,-0.9825
153,5.0987,-6.3582,-178.1988,-177.0461,-65.6788,-177.0461,-178.1988,-1.1528,0.3013,9.5878,174.1323,172.6099,175.6729,161.6662,-9.2865,-1.1528
154,5.132,-6.0124,-178.354,-177.1021,-67.2494,-177.1021,-178.354,-1.252,0.2,9.1951,173.8698,171.8593,174.4954,160.7513,-8.9951,-1.252
155,5.1654,-5.5047,-178.484,-177.0617,-68.2344,-177.0617,-178.484,-1.4223,0.1505,8.6812,173.8406,170.1456,175.3852,159.5883,-8.5307,-1.4223
156,5.1987,-5.1102,-178.9045,-177.3768,-67.0946,-177.3768,-178.9045,-1.5276,0.0496,7.3249,173.5953,167.0684,172.3734,158.2361,-7.2752,-1.5276
157,5.232,-4.9739,-179.443,-177.3974,-67.7346,-177.3974,-179.443,-2.0455,0.3979,5.137,173.2519,162.1864,173.3149,156.6335,-4.7391,-2.0455
158,5.2653,-5.0761,-179.4707,-177.4934,-69.4584,-177.4934,-179.4707,-1.9774,1.2997,3.1502,172.3802,158.8048,173.8994,157.7211,-1.8505,-1.9774
159,5.2987,-5.1829,-179.4724,-177.4746,-69.8186,-177.4746,-179.4724,-1.9978,1.944,2.5722,171.9163,157.3387,169.0683,153.9467,-0.6282,-1.9978
160,5.332,-5.0831,-179.5536,-177.6342,-68.5426,-177.6342,-179.5536,-1.9195,2.2158,1.5441,171.6834,158.5142,167.5059,153.5879,0.6717,-1.9195
161,5.3653,-5.408,-179.3758,-177.3538,-67.9377,-177.3538,-179.3758,-2.0221,2.2966,0.7992,171.8287,161.8946,165.0452,155.4715,1.4974,-2.0221
162,5.3986,-5.9208,-179.3335,-177.2375,-64.9784,-177.2375,-179.3335,-2.096,2.4387,0.332,171.8873,163.7816,164.5985,158.6108,2.1067,-2.096
163,5.432,-6.4955,-179.1143,-177.3074,-64.0551,-177.3074,-179.1143,-1.8069,2.3559,0.5083,172.5171,167.7173,166.908,171.8223,1.8477,-1.8069
164,5.4653,-7.0652,-179.0682,-177.1982,-62.0146,-177.1982,-179.0682,-1.87,2.3373,0.3601,172.6847,171.0301,168.694,175.8873,1.9772,-1.87
165,5.4986,-7.5649,-178.9725,-176.9294,-62.1954,-176.9294,-178.9725,-2.0431,2.2044,0.089,172.8216,174.5661,171.8271,172.6453,2.1154,-2.0431
166,5.5319,-8.0125,-179.1711,-177.1037,-62.64,-177.1037,-179.1711,-2.0674,1.787,0.6072,173.19,177.9043,175.441,169.7293,1.1798,-2.0674
167,5.5653,-9.5993,-178.7061,-176.7205,-62.6663,-176.7205,-178.7061,-1.9856,1.0425,1.1157,173.9318,177.9708,177.5242,172.2594,-0.0733,-1.9856
168,5.5986,-11.2634,-178.2117,-176.0824,-64.0741,-176.0824,-178.2117,-2.1293,0.3652,0.0421,175.1974,175.6336,178.9017,174.5287,0.3231,-2.1293
169,5.6319,-11.0508,-177.6832,-176.1859,-61.2943,-176.1859,-177.6832,-1.4973,1.1513,0.2991,175.8679,171.8442,179.5838,176.2087,0.8522,-1.4973
170,5.6652,-10.5445,-177.4134,-176.1035,-61.3578,-176.1035,-177.4134,-1.3099,3.1389,0.3883,177.4388,169.6097,179.6751,172.0626,2.7506,-1.3099
171,5.6986,-10.9696,-177.329,-175.9643,-61.3569,-175.9643,-177.329,-1.3646,3.6666,0.3405,177.5453,168.0926,175.5994,164.8845,3.3261,-1.3646
172,5.7319,-11.1686,-177.3797,-176.1281,-61.5771,-176.1281,-177.3797,-1.2516,5.529,1.1083,179.3072,168.5253,175.618,166.4593,4.4207,-1.2516
173,5.7652,-11.7919,-176.8548,-175.9144,-63.3342,-175.9144,-176.8548,-0.9404,6.0183,1.2379,179.1129,168.4246,179.5933,169.3892,4.7803,-0.9404
174,5.7985,-11.6002,-176.8401,-176.0708,-64.2075,-176.0708,-176.8401,-0.7693,6.9125,2.0772,176.3613,168.2638,177.2527,168.2527,4.8354,-0.7693
175,5.8319,-11.9469,-176.754,-175.6728,-64.8116,-175.6728,-176.754,-1.0812,8.025,2.201,172.8675,167.6413,173.2761,167.5524,5.824,-1.0812
176,5.8652,-11.9881,-176.7837,-175.2714,-65.3014,-175.2714,-176.7837,-1.5123,8.4126,2.3982,171.3209,167.4832,172.7197,167.3691,6.0144,-1.5123
177,5.8985,-12.3564,-176.6748,-175.6652,-64.9064,-175.6652,-176.6748,-1.0096,8.2216,3.0529,171.1801,167.6644,175.0048,163.4509,5.1687,-1.0096
178,5.9318,-12.085,-176.601,-175.9642,-64.6742,-175.9642,-176.601,-0.6368,7.572,3.4759,171.4888,167.3078,168.7043,160.8452,4.096,-0.6368
179,5.9652,-12.1103,-176.1419,-175.8969,-64.6266,-175.8969,-176.1419,-0.2451,6.9509,3.7545,173.001,167.4481,173.0779,160.9233,3.1964,-0.2451
180,5.9985,-12.1235,-176.0149,-175.9378,-64.4172,-175.9378,-176.0149,-0.0771,5.8255,3.6941,175.1061,167.1973,179.1558,157.7361,2.1314,-0.0771
181,6.0318,-12.0092,-175.8013,-176.3374,-64.2356,-176.3374,-175.8013,0.5361,5.2795,4.2208,177.7691,167.1897,170.8235,163.1399,1.0587,0.5361
182,6.0651,-11.7981,-175.577,-176.3478,-66.7928,-176.3478,-175.577,0.7708,4.8817,4.7209,179.296,167.8295,172.1192,156.2858,0.1608,0.7708
183,6.0985,-11.7311,-175.2532,-176.4742,-67.5652,-176.4742,-175.2532,1.221,4.6322,4.8454,177.6482,167.8972,176.4891,150.5588,-0.2133,1.221
184,6.1318,-11.3722,-174.8015,-176.3934,-66.6342,-176.3934,-174.8015,1.5918,4.285,4.8359,175.2272,167.7332,175.1128,146.7488,-0.5509,1.5918
185,6.1651,-11.0759,-174.6834,-176.17,-67.432,-176.17,-174.6834,1.4866,3.4123,4.7853,173.2643,167.2878,174.9595,143.2432,-1.373,1.4866
186,6.1984,-11.5235,-174.5772,-176.2887,-69.4462,-176.2887,-174.5772,1.7115,1.2382,4.951,171.62,169.8212,169.5315,146.7018,-3.7128,1.7115
187,6.2318,-11.5431,-174.3088,-176.2793,-68.0206,-176.2793,-174.3088,1.9705,0.7991,4.688,166.0624,170.7057,173.3065,,-3.889,1.9705
188,6.2651,-11.5783,-174.4294,-176.347,-67.5647,-176.347,-174.4294,1.9176,2.0569,3.8402,165.7726,170.3488,168.5462,,-1.7833,1.9176
189,6.2984,-10.3863,-174.6645,-176.4283,-64.602,-176.4283,-174.6645,1.7638,3.1336,2.3462,166.0674,168.6086,167.4541,,0.7875,1.7638
190,6.3317,-9.9034,-174.9254,-176.4875,-63.0743,-176.4875,-174.9254,1.5621,3.8141,0.4638,166.8133,165.5162,168.0584,,3.3503,1.5621
191,6.3651,-9.8275,-175.2886,-176.3179,-64.4593,-176.3179,-175.2886,1.0293,4.5739,1.1873,168.1749,163.5519,,,3.3866,1.0293
192,6.3984,-9.0883,-175.9914,-176.4483,-65.5223,-176.4483,-175.9914,0.4568,4.6891,2.1451,168.443,161.3232,,,2.544,0.4568
193,6.4317,-9.0434,-176.7187,-176.2313,-62.2376,-176.2313,-176.7187,-0.4875,4.7605,2.7833,169.1899,,,,1.9772,-0.4875
194,6.465,-9.2766,-177.047,-176.2755,-63.4044,-176.2755,-177.047,-0.7714,5.7218,3.1308,,,,,2.591,-0.7714
195,6.4984,-9.4785,-177.002,-176.1836,-61.4655,-176.1836,-177.002,-0.8184,6.2413,1.9378,,,,,4.3035,-0.8184
196,6.5317,-9.5224,-177.2363,-176.5286,-61.8115,-176.5286,-177.2363,-0.7077,6.2869,0.8038,,,,,5.4831,-0.7077
197,6.565,-9.4663,-177.0803,-176.613,-63.2288,-176.613,-177.0803,-0.4673,6.3645,1.4438,,,,,4.9207,-0.4673
198,6.5983,-9.1669,-177.1576,-177.4513,-62.7281,-177.4513,-177.1576,0.2937,,2.5928,,,,,,0.2937
199,6.6317,-9.3092,-177.1085,-177.0921,-63.307,-177.0921,-177.1085,-0.0164,,3.2788,,,,,,-0.0164
200,6.665,-9.6371,-176.7408,-176.4586,-62.049,-176.4586,-176.7408,-0.2822,,4.3762,,,,,,-0.2822
201,6.6983,-9.6228,-177.1079,-176.9078,-60.2282,-176.9078,-177.1079,-0.2001,,,,,,,,-0.2001
202,6.7316,-10.3291,-177.1523,-176.9744,-61.1673,-176.9744,-177.1523,-0.1779,,,,,,,,-0.1779
203,6.765,-11.3188,-176.8234,-176.5307,-63.0737,-176.5307,-176.8234,-0.2927,,,,,,,,-0.2927
204,6.7983,-12.2332,-176.3997,-176.3897,-64.41,-176.3897,-176.3997,-0.01,,,,,,,,-0.01
205,6.8316,-12.0948,-175.954,-176.7666,-64.0724,-176.7666,-175.954,0.8126,,,,,,,,0.8126
206,6.8649,-12.3294,-175.9021,-176.849,-64.0666,-176.849,-175.9021,0.9469,,,,,,,,0.9469
207,6.8983,-12.467,-175.8169,-176.9215,-65.4429,-176.9215,-175.8169,1.1046,,,,,,,,1.1046
208,6.9316,-12.8223,-175.8527,-176.8732,-65.1434,-176.8732,-175.8527,1.0206,,,,,,,,1.0206
209,6.9649,-13.2251,-175.7235,-176.6877,-64.9666,-176.6877,-175.7235,0.9643,,,,,,,,0.9643
210,6.9982,-13.5719,-175.4059,-176.7849,-64.6717,-176.7849,-175.4059,1.379,,,,,,,,1.379
211,7.0316,-13.5621,-175.3887,-176.6428,-64.728,-176.6428,-175.3887,1.2541,,,,,,,,1.2541
212,7.0649,-13.2675,-175.5741,-176.6781,-64.6001,-176.6781,-175.5741,1.104,,,,,,,,1.104
213,7.0982,-13.4677,-175.3105,-176.6484,-65.1514,-176.6484,-175.3105,1.3379,,,,,,,,1.3379
214,7.1315,-13.4843,-175.4033,-176.7958,-64.7014,-176.7958,-175.4033,1.3925,,,,,,,,1.3925
215,7.1649,-13.8075,-175.4261,-176.9152,-66.5257,-176.9152,-175.4261,1.4891,,,,,,,,1.4891
216,7.1982,-13.7737,-175.1678,-177.1097,-68.0763,-177.1097,-175.1678,1.9419,,,,,,,,1.9419
217,7.2315,-13.4818,-174.8806,-177.3119,-67.1342,-177.3119,-174.8806,2.4313,,,,,,,,2.4313
218,7.2648,-13.409,-174.9095,-177.4586,-66.5196,-177.4586,-174.9095,2.5491,,,,,,,,2.5491
219,7.2982,-12.3377,-174.859,-177.7927,-66.635,-177.7927,-174.859,2.9337,,,,,,,,2.9337
220,7.3315,-10.959,-175.1718,-178.4635,-62.6013,-178.4635,-175.1718,3.2917,,,,,,,,3.2917
221,7.3648,-8.8947,-175.6905,-179.072,-62.9749,-179.072,-175.6905,3.3815,,,,,,,,3.3815
222,7.3981,-8.7544,-175.898,-179.3503,-62.3489,-179.3503,-175.898,3.4523,,,,,,,,3.4523
223,7.4315,-9.0164,-176.2716,179.6259,-60.5756,179.6259,-176.2716,4.1024,,,,,,,,4.1024
224,7.4648,-9.8693,-176.2314,179.2165,-61.8205,179.2165,-176.2314,4.5522,,,,,,,,4.5522
225,7.4981,-9.7321,-176.3224,178.4917,-61.019,178.4917,-176.3224,5.1859,,,,,,,,5.1859
226,7.5314,-9.6747,-176.4103,178.1788,-60.5577,178.1788,-176.4103,5.4109,,,,,,,,5.4109
227,7.5648,-10.4023,-176.1121,178.6006,-61.2784,178.6006,-176.1121,5.2873,,,,,,,,5.2873
228,7.5981,-10.7643,-176.0561,178.4356,-60.0388,178.4356,-176.0561,5.5084,,,,,,,,5.5084
229,7.6314,-11.2594,-175.9826,178.6869,-56.5451,178.6869,-175.9826,5.3305,,,,,,,,5.3305
230,7.6647,-11.5501,-175.9592,178.9623,-55.2372,178.9623,-175.9592,5.0785,,,,,,,,5.0785
231,7.6981,-12.1475,-176.2449,178.9737,-54.0215,178.9737,-176.2449,4.7813,,,,,,,,4.7813
232,7.7314,-12.4413,-177.1635,178.6222,-58.057,178.6222,-177.1635,4.2143,,,,,,,,4.2143
233,7.7647,-12.2105,-177.641,177.6038,-55.7251,177.6038,-177.641,4.7552,,,,,,,,4.7552
234,7.798,-13.2444,-177.8664,177.6205,-55.9945,177.6205,-177.8664,4.5132,,,,,,,,4.5132
235,7.8314,-13.4571,-178.418,177.4433,-58.9199,177.4433,-178.418,4.1387,,,,,,,,4.1387
236,7.8647,-13.1212,-178.4595,177.7676,-56.403,177.7676,-178.4595,3.773,,,,,,,,3.773
237,7.898,-13.1282,-178.1392,178.092,-51.2071,178.092,-178.1392,3.7688,,,,,,,,3.7688
238,7.9313,-13.3683,-177.8138,178.1602,-53.752,178.1602,-177.8138,4.026,,,,,,,,4.026
239,7.9647,-14.4032,-177.5164,178.3303,-55.0253,178.3303,-177.5164,4.1534,,,,,,,,4.1534
240,7.998,-15.5155,-177.2036,179.1073,-53.9015,179.1073,-177.2036,3.6891,,,,,,,,3.6891
241,8.0313,-15.7904,-177.0973,178.4982,-52.4946,178.4982,-177.0973,4.4044,,,,,,,,4.4044
242,8.0646,-16.1439,-178.0887,178.374,-55.8387,178.374,-178.0887,3.5373,,,,,,,,3.5373
243,8.098,-16.8339,-177.852,178.5576,-54.2405,178.5576,-177.852,3.5904,,,,,,,,3.5904
244,8.1313,-17.8178,-178.1588,177.7467,-56.9304,177.7467,-178.1588,4.0944,,,,,,,,4.0944
245,8.1646,-19.0045,-178.3948,177.3504,-55.8306,177.3504,-178.3948,4.2548,,,,,,,,4.2548
246,8.1979,-19.86,179.0408,176.4451,-61.061,176.4451,179.0408,2.5957,,,,,,,,2.5957
247,8.2313,-21.2684,179.6854,176.5698,-59.0718,176.5698,179.6854,3.1156,,,,,,,,3.1156
248,8.2646,-22.6826,179.8046,177.1376,-57.2528,177.1376,179.8046,2.667,,,,,,,,2.667
249,8.2979,-23.4605,178.6729,175.6066,-55.6721,175.6066,178.6729,3.0664,,,,,,,,3.0664
250,8.3312,-24.1132,171.7314,173.4458,-57.6872,173.4458,171.7314,-1.7144,,,,,,,,-1.7144
251,8.3646,-25.213,160.2624,164.8785,-58.4004,164.8785,160.2624,-4.6161,,,,,,,,-4.6161
252,8.3979,-27.0449,144.9605,162.842,-61.4534,162.842,144.9605,-17.8815,,,,,,,,-17.8815
253,8.4312,-28.8722,101.0527,159.2681,-58.9368,159.2681,101.0527,-58.2154,,,,,,,,-58.2154
254,8.4645,-31.2781,79.4097,147.5913,-60.6058,147.5913,79.4097,-68.1816,,,,,,,,-68.1816
255,8.4979,-32.6006,72.4866,132.0247,-64.7892,132.0247,72.4866,-59.5381,,,,,,,,-59.5381
256,8.5312,-35.0638,38.3962,36.4145,-63.4595,36.4145,38.3962,1.9817,,,,,,,,1.9817
257,8.5645,-34.8113,30.7028,26.5237,-61.6959,26.5237,30.7028,4.179,,,,,,,,4.179
258,8.5978,-34.7452,24.2123,23.0271,-61.0296,23.0271,24.2123,1.1852,,,,,,,,1.1852
259,8.6312,-33.7098,21.9983,21.0769,-56.6357,21.0769,21.9983,0.9214,,,,,,,,0.9214
260,8.6645,-32.7301,20.392,19.7087,-54.037,19.7087,20.392,0.6833,,,,,,,,0.6833
261,8.6978,-31.2993,18.4256,16.4693,-50.2798,16.4693,18.4256,1.9563,,,,,,,,1.9563
262,8.7311,-29.4487,16.5564,14.4305,-38.1973,14.4305,16.5564,2.1259,,,,,,,,2.1259
263,8.7645,-28.254,14.2649,12.3041,-35.2431,12.3041,14.2649,1.9608,,,,,,,,1.9608
264,8.7978,-27.233,12.8053,11.1764,-28.1975,11.1764,12.8053,1.6289,,,,,,,,1.6289
265,8.8311,-26.1954,11.3233,8.6028,-22.8277,8.6028,11.3233,2.7205,,,,,,,,2.7205
266,8.8644,-24.6648,8.1542,6.4771,-19.2713,6.4771,8.1542,1.6772,,,,,,,,1.6772
267,8.8978,-22.1554,5.5493,5.1828,-23.4239,5.1828,5.5493,0.3665,,,,,,,,0.3665
268,8.9311,-21.0526,4.1397,3.3515,-26.1278,3.3515,4.1397,0.7881,,,,,,,,0.7881
269,8.9644,-19.8822,3.3604,1.0014,-24.637,1.0014,3.3604,2.359,,,,,,,,2.359
270,8.9977,-18.6395,3.0941,0.0,-24.6075,0.0,3.0941,3.0941,,,,,,,,3.0941
271,9.0311,-17.206,2.0202,-0.5358,-21.204,-0.5358,2.0202,2.5561,,,,,,,,2.5561
272,9.0644,-16.4513,1.2293,-0.6469,-20.9974,-0.6469,1.2293,1.8763,,,,,,,,1.8763
273,9.0977,-15.7929,1.2471,-1.1209,-20.5179,-1.1209,1.2471,2.3681,,,,,,,,2.3681
274,9.131,-14.0759,1.2857,-1.2124,-7.5603,-1.2124,1.2857,2.4982,,,,,,,,2.4982
275,9.1644,-13.5306,1.2488,-0.4095,-8.2933,-0.4095,1.2488,1.6583,,,,,,,,1.6583
276,9.1977,-13.4297,1.2502,-0.2982,-9.4125,-0.2982,1.2502,1.5485,,,,,,,,1.5485
277,9.231,-13.316,1.2719,0.253,-4.2455,0.253,1.2719,1.0189,,,,,,,,1.0189
278,9.2643,-13.4321,1.3326,1.1031,-5.0134,1.1031,1.3326,0.2295,,,,,,,,0.2295
279,9.2977,-12.5613,1.4423,1.6269,-3.3316,1.6269,1.4423,-0.1846,,,,,,,,-0.1846
280,9.331,-11.7258,1.2942,2.3141,-1.5659,2.3141,1.2942,-1.0198,,,,,,,,-1.0198
281,9.3643,10.664,1.0487,2.9717,15.5885,2.9717,1.0487,-1.923,,,,,,,,-1.923
282,9.3976,10.3805,1.0448,3.1245,27.0428,3.1245,1.0448,-2.0796,,,,,,,,-2.0796
283,9.431,10.4522,1.0866,2.7263,15.0964,2.7263,1.0866,-1.6397,,,,,,,,-1.6397
284,9.4643,10.6875,1.4222,2.61,20.5385,2.61,1.4222,-1.1877,,,,,,,,-1.1877
285,9.4976,9.7067,1.377,2.3657,20.9747,2.3657,1.377,-0.9888,,,,,,,,-0.9888
286,9.5309,10.314,1.9363,2.3941,26.4814,2.3941,1.9363,-0.4578,,,,,,,,-0.4578
287,9.5643,-10.3339,2.4685,2.1259,-13.4762,2.1259,2.4685,0.3427,,,,,,,,0.3427
288,9.5976,-10.6496,3.5309,1.9558,-24.669,1.9558,3.5309,1.5751,,,,,,,,1.5751
289,9.6309,-9.5433,3.9424,1.5613,-25.5069,1.5613,3.9424,2.3811,,,,,,,,2.3811
290,9.6642,-9.3713,4.1523,1.4688,-29.5026,1.4688,4.1523,2.6835,,,,,,,,2.6835
291,9.6976,-8.5995,4.1738,1.7497,-33.4619,1.7497,4.1738,2.4241,,,,,,,,2.4241
292,9.7309,-8.8303,4.6864,2.4695,-34.1897,2.4695,4.6864,2.2169,,,,,,,,2.2169
293,9.7642,-8.1182,4.6395,2.443,-38.894,2.443,4.6395,2.1964,,,,,,,,2.1964
294,9.7975,-7.3826,4.5349,2.3551,-33.6901,2.3551,4.5349,2.1797,,,,,,,,2.1797
295,9.8309,-6.3986,4.5009,2.2676,-27.3175,2.2676,4.5009,2.2333,,,,,,,,2.2333
296,9.8642,-5.3033,4.349,2.1669,-25.9173,2.1669,4.349,2.1821,,,,,,,,2.1821
297,9.8975,-3.2789,3.806,2.1643,-26.6912,2.1643,3.806,1.6416,,,,,,,,1.6416
298,9.9308,-1.7026,3.2414,1.6208,-27.6067,1.6208,3.2414,1.6206,,,,,,,,1.6206
299,9.9642,-0.5702,3.2151,1.7513,-30.858,1.7513,3.2151,1.4638,,,,,,,,1.4638
300,9.9975,-0.212,3.3086,2.5486,-35.6358,2.5486,3.3086,0.7601,,,,,,,,0.7601
301,10.0308,-0.7307,2.3013,3.0358,-34.4812,3.0358,2.3013,-0.7345,,,,,,,,-0.7345
302,10.0641,-0.2847,2.1065,2.1879,-33.9621,2.1879,2.1065,-0.0814,,,,,,,,-0.0814
303,10.0975,-0.3099,2.2695,1.9194,-32.3622,1.9194,2.2695,0.3501,,,,,,,,0.3501
304,10.1308,-0.5982,2.2851,1.4537,-32.4927,1.4537,2.2851,0.8314,,,,,,,,0.8314
305,10.1641,-0.6259,2.102,1.5233,-30.7364,1.5233,2.102,0.5787,,,,,,,,0.5787
306,10.1974,-0.5182,1.8437,0.965,-33.4345,0.965,1.8437,0.8788,,,,,,,,0.8788
307,10.2308,-1.3301,2.0232,1.11,-35.9564,1.11,2.0232,0.9133,,,,,,,,0.9133
308,10.2641,-1.5437,2.2874,0.6122,-36.133,0.6122,2.2874,1.6752,,,,,,,,1.6752
309,10.2974,-1.3476,1.732,0.5103,-34.5917,0.5103,1.732,1.2217,,,,,,,,1.2217
310,10.3307,-1.2767,1.819,0.6987,-36.9115,0.6987,1.819,1.1203,,,,,,,,1.1203
311,10.3641,-1.3117,1.773,1.2916,-38.8686,1.2916,1.773,0.4814,,,,,,,,0.4814
312,10.3974,-1.3559,1.9369,0.9542,-41.1001,0.9542,1.9369,0.9827,,,,,,,,0.9827
313,10.4307,-1.9092,1.7867,0.6115,-39.4182,0.6115,1.7867,1.1751,,,,,,,,1.1751
314,10.464,-1.8358,2.2478,0.0773,-41.4415,0.0773,2.2478,2.1705,,,,,,,,2.1705
315,10.4974,-2.2877,2.2519,0.2745,-40.6519,0.2745,2.2519,1.9774,,,,,,,,1.9774
316,10.5307,-2.8086,2.5606,0.3586,-43.4275,0.3586,2.5606,2.202,,,,,,,,2.202
317,10.564,-3.2052,3.4218,0.4445,-43.6047,0.4445,3.4218,2.9774,,,,,,,,2.9774
318,10.5973,-3.6782,3.5071,0.2859,-41.9023,0.2859,3.5071,3.2213,,,,,,,,3.2213
319,10.6307,-3.5377,4.0075,1.129,-39.8869,1.129,4.0075,2.8785,,,,,,,,2.8785
320,10.664,-3.5943,3.9344,1.6472,-32.5849,1.6472,3.9344,2.2873,,,,,,,,2.2873
321,10.6973,-3.9204,4.0743,2.4575,-31.4134,2.4575,4.0743,1.6168,,,,,,,,1.6168
322,10.7306,-3.3649,4.1115,2.5547,-27.7398,2.5547,4.1115,1.5568,,,,,,,,1.5568
323,10.764,-2.845,3.9161,2.5226,-21.1688,2.5226,3.9161,1.3935,,,,,,,,1.3935
324,10.7973,-2.6148,3.8676,2.608,-21.8107,2.608,3.8676,1.2596,,,,,,,,1.2596
325,10.8306,-2.0502,3.6212,2.361,-23.7468,2.361,3.6212,1.2602,,,,,,,,1.2602
326,10.8639,-1.5474,3.0883,2.3129,-18.6952,2.3129,3.0883,0.7754,,,,,,,,0.7754
327,10.8973,-1.5851,3.0203,2.0298,-18.5415,2.0298,3.0203,0.9905,,,,,,,,0.9905
328,10.9306,-1.0876,2.84,1.655,-24.7648,1.655,2.84,1.1849,,,,,,,,1.1849
329,10.9639,-1.1747,2.8341,1.3571,-27.7011,1.3571,2.8341,1.477,,,,,,,,1.477
330,10.9972,-0.0273,2.6078,1.3039,-28.8664,1.3039,2.6078,1.304,,,,,,,,1.304
331,11.0306,-0.0275,2.4806,1.1388,-30.2428,1.1388,2.4806,1.3418,,,,,,,,1.3418
332,11.0639,-0.3607,1.9084,0.9673,-29.5353,0.9673,1.9084,0.9411,,,,,,,,0.9411
333,11.0972,-0.5889,1.8957,0.7112,-30.906,0.7112,1.8957,1.1846,,,,,,,,1.1846
334,11.1305,-1.4753,1.6,0.5367,-32.3333,0.5367,1.6,1.0633,,6.9128,,,,,,1.0633
335,11.1639,-2.5499,1.2378,0.4955,-37.7322,0.4955,1.2378,0.7424,,6.254,,,,,,0.7424
336,11.1972,-1.9729,0.7961,0.7167,-38.8568,0.7167,0.7961,0.0793,,3.8551,,,,,,0.0793
337,11.2305,-2.2515,0.7859,0.6257,-37.1769,0.6257,0.7859,0.1602,,3.4943,,170.9253,,,,0.1602
338,11.2638,-3.1748,0.7168,-0.1352,-38.9366,-0.1352,0.7168,0.852,,4.6082,,170.085,,,,0.852
339,11.2972,-3.2955,0.8486,-0.4998,-40.0813,-0.4998,0.8486,1.3484,,4.3301,,170.1485,,,,1.3484
340,11.3305,-3.5458,0.7223,-1.1467,-39.7513,-1.1467,0.7223,1.869,,5.6763,,166.8781,,,,1.869
341,11.3638,-2.7408,0.8055,-1.1326,-38.5668,-1.1326,0.8055,1.938,,5.6265,,166.9823,,,,1.938
342,11.3971,-2.3708,0.6262,-1.1467,-38.0577,-1.1467,0.6262,1.7729,,5.8355,,166.5056,,,,1.7729
343,11.4305,-2.87,0.6384,-1.3344,-35.9546,-1.3344,0.6384,1.9728,,5.7456,,166.3901,,,,1.9728
344,11.4638,-2.6708,0.5614,-1.6449,-37.1686,-1.6449,0.5614,2.2063,,5.7056,,166.5333,,,,2.2063
345,11.4971,-2.6236,0.2168,-1.5203,-37.0818,-1.5203,0.2168,1.7372,,4.9804,,166.9807,,,,1.7372
346,11.5304,-1.4498,0.2446,-1.2508,-35.5085,-1.2508,0.2446,1.4954,,3.5298,,168.5014,,,,1.4954
347,11.5638,-1.338,0.1634,-1.2071,-33.9621,-1.2071,0.1634,1.3705,,3.352,,168.6418,,,,1.3705
348,11.5971,-1.1483,0.2206,-0.5528,-30.5255,-0.5528,0.2206,0.7734,,3.3608,,168.823,,,,0.7734
349,11.6304,-0.7034,0.1943,-0.1512,-31.8211,-0.1512,0.1943,0.3455,,3.4579,,168.9151,,,,0.3455
350,11.6637,-0.386,-0.0557,-0.1527,-29.679,-0.1527,-0.0557,0.0969,,3.5483,,169.2656,,,,0.0969
351,11.6971,-0.0963,-0.0281,0.3072,-26.719,0.3072,-0.0281,-0.3353,,3.897,,168.7579,,,,-0.3353
352,11.7304,-0.5755,0.2285,0.3575,-27.3273,0.3575,0.2285,-0.129,,4.1914,,168.236,,,,-0.129
353,11.7637,-0.6752,0.3169,0.8751,-32.0574,0.8751,0.3169,-0.5582,,5.5843,,166.9482,,,,-0.5582
354,11.797,-0.49,0.3193,1.6351,-32.6063,1.6351,0.3193,-1.3158,,7.6404,,166.0753,,,,-1.3158
355,11.8304,-0.3936,0.4374,1.5496,-34.239,1.5496,0.4374,-1.1122,,8.9541,,166.6791,,,,-1.1122
356,11.8637,-0.1319,0.4394,1.8617,-34.9499,1.8617,0.4394,-1.4224,,11.1927,,167.4869,,,,-1.4224
357,11.897,-0.564,0.3533,2.1047,-36.5447,2.1047,0.3533,-1.7514,,12.3922,,168.5411,,,,-1.7514
358,11.9303,-0.5666,0.3239,2.2132,-44.8161,2.2132,0.3239,-1.8894,,12.8424,,169.9619,,59.6258,,-1.8894
359,11.9637,-0.1002,0.4419,1.5716,-47.5657,1.5716,0.4419,-1.1297,,11.8015,,172.4473,,16.6562,,-1.1297
360,11.997,-0.2014,0.4439,1.6413,-46.0057,1.6413,0.4439,-1.1973,,11.5243,,172.2977,,10.2142,,-1.1973
361,12.0303,-0.2698,0.6527,1.8297,-46.1077,1.8297,0.6527,-1.177,,11.4231,,171.8456,,41.7313,,-1.177
362,12.0636,-0.2699,0.6765,1.4915,-43.405,1.4915,0.6765,-0.815,,10.4938,,172.7447,,20.511,,-0.815
363,12.097,-0.0678,0.6699,1.159,-42.1349,1.159,0.6699,-0.4891,,9.4518,,173.6624,,80.043,,-0.4891
364,12.1303,-0.5143,0.6761,1.0327,-41.4543,1.0327,0.6761,-0.3566,12.1253,7.117,177.1059,175.3327,,31.71,5.0083,-0.3566
365,12.1636,-0.8613,0.7655,1.1038,-41.7637,1.1038,0.7655,-0.3384,10.8793,6.7553,177.6833,174.7318,,41.127,4.124,-0.3384
366,12.1969,-0.4841,0.7844,1.3361,-39.6248,1.3361,0.7844,-0.5517,9.6437,6.4685,178.5167,173.8256,,43.3087,3.1752,-0.5517
367,12.2303,-0.5875,0.9835,1.3505,-38.3126,1.3505,0.9835,-0.367,8.1771,6.1269,179.5904,172.8607,,53.7776,2.0502,-0.367
368,12.2636,-0.1047,0.8942,0.7787,-41.1711,0.7787,0.8942,0.1155,7.7142,5.022,179.471,173.4894,,39.7225,2.6922,0.1155
369,12.2969,-1.3363,0.5952,0.4481,-43.1302,0.4481,0.5952,0.1471,7.3524,5.8198,178.2241,171.7607,108.1759,56.5098,1.5326,0.1471
370,12.3302,-1.9921,0.5375,-0.0568,-45.6335,-0.0568,0.5375,0.5944,6.2981,6.1808,175.9981,171.1276,136.9686,97.5562,0.1174,0.5944
371,12.3636,-2.0674,0.4812,0.524,-44.3208,0.524,0.4812,-0.0428,4.7266,6.8938,172.3116,169.8467,158.4503,132.6769,-2.1673,-0.0428
372,12.3969,-2.4896,0.4831,0.2944,-44.2391,0.2944,0.4831,0.1887,3.634,6.732,169.7565,170.0135,167.1502,138.9207,-3.0981,0.1887
373,12.4302,-2.2847,0.4227,-0.4178,-43.9679,-0.4178,0.4227,0.8405,2.72,6.534,167.9153,169.8545,157.5008,134.5259,-3.814,0.8405
374,12.4635,-2.2847,0.2634,-0.9669,-38.0202,-0.9669,0.2634,1.2304,2.7648,6.1332,166.604,170.0226,178.3096,133.5863,-3.3685,1.2304
375,12.4969,-1.8845,0.2671,-0.9382,-37.7006,-0.9382,0.2671,1.2053,2.5311,5.5255,166.5554,170.5546,,128.0634,-2.9944,1.2053
376,12.5302,-1.7087,0.2031,-0.7605,-33.6386,-0.7605,0.2031,0.9636,2.7263,4.943,167.2385,171.2166,,114.5494,-2.2167,0.9636
377,12.5635,-0.7087,0.1343,-0.6345,-33.819,-0.6345,0.1343,0.7688,2.1316,3.6953,165.876,172.3124,,117.2971,-1.5637,0.7688
378,12.5968,-0.376,0.2007,-0.3183,-34.1303,-0.3183,0.2007,0.519,,3.6894,,172.0257,,127.1406,,0.519
379,12.6302,-0.3392,0.2699,-0.0642,-31.5696,-0.0642,0.2699,0.3341,,3.5688,,171.9455,,128.9247,,0.3341
380,12.6635,-1.0687,0.3408,-0.1944,-27.878,-0.1944,0.3408,0.5353,,3.5011,,172.0484,,141.87,,0.5353
381,12.6968,-1.7253,0.6102,-0.3244,-25.105,-0.3244,0.6102,0.9347,,3.5122,,172.0591,,143.457,,0.9347
382,12.7301,2.592,0.5825,0.1304,1.316,0.1304,0.5825,0.4522,,3.2567,,172.9879,,,,0.4522
383,12.7635,3.5275,0.7336,0.7244,6.0213,0.7244,0.7336,0.0092,,2.3936,,175.3773,,,,0.0092
384,12.7968,3.643,1.0949,1.2896,8.0357,1.2896,1.0949,-0.1947,,2.9872,,175.6564,,,,-0.1947
385,12.8301,3.4249,1.0956,1.4634,19.2563,1.4634,1.0956,-0.3679,,4.427,,174.3405,,,,-0.3679
386,12.8634,2.9773,1.1379,1.0822,3.5318,1.0822,1.1379,0.0557,,6.3054,,172.4818,,,,0.0557
387,12.8968,-2.7753,1.1415,1.2369,-2.4982,1.2369,1.1415,-0.0954,,6.9545,,172.0256,,,,-0.0954
388,12.9301,-2.2668,1.5046,1.0196,-14.0737,1.0196,1.5046,0.485,,8.5682,,170.4597,,,,0.485
389,12.9634,-1.9039,1.6572,1.2549,-21.2658,1.2549,1.6572,0.4022,,9.9031,,169.4907,,,,0.4022
390,12.9967,-1.0712,1.6953,1.3608,-19.3113,1.3608,1.6953,0.3344,,13.0968,,166.4784,,,,0.3344
391,13.0301,-0.6797,1.8057,1.7237,-27.3749,1.7237,1.8057,0.082,,15.5241,,164.1705,,,,0.082
392,13.0634,-0.4432,1.9128,2.0096,-31.8094,2.0096,1.9128,-0.0968,,16.7997,,163.0742,,,,-0.0968
393,13.0967,-0.6099,1.8034,1.7337,-31.8993,1.7337,1.8034,0.0697,,16.4451,,163.9368,,93.2161,,0.0697
394,13.13,-1.0158,1.7313,1.8151,-38.8821,1.8151,1.7313,-0.0838,,16.06,,164.2747,,64.0277,,-0.0838
395,13.1634,-1.0165,1.5782,1.8215,-41.8273,1.8215,1.5782,-0.2433,,15.4042,,165.0761,,47.0715,,-0.2433
396,13.1967,-1.5074,1.6293,1.9796,-43.193,1.9796,1.6293,-0.3503,,13.5993,,167.1865,,44.8618,,-0.3503
397,13.23,-1.4341,1.4456,1.916,-42.2757,1.916,1.4456,-0.4703,,11.3254,,169.6186,,42.2695,,-0.4703
398,13.2633,-1.2346,1.0456,1.9321,-47.6293,1.9321,1.0456,-0.8866,10.5284,9.8013,178.2039,170.9212,,33.7463,0.7271,-0.8866
399,13.2967,-1.4052,1.2706,2.0181,-47.0518,2.0181,1.2706,-0.7475,9.596,9.1091,178.793,171.1799,,29.7649,0.4868,-0.7475
400,13.33,-1.3778,1.3569,1.3129,-45.3734,1.3129,1.3569,0.044,9.1689,8.6181,179.3588,171.0198,,24.2614,0.5509,0.044
401,13.3633,-1.3213,1.2772,1.0977,-46.0256,1.0977,1.2772,0.1795,8.3468,7.355,179.6639,171.6499,,81.2397,0.9918,0.1795
402,13.3966,-1.416,1.3046,1.2499,-44.5458,1.2499,1.3046,0.0547,6.7187,6.0008,177.1886,172.7849,,134.9413,0.718,0.0547
403,13.43,-1.4364,1.2386,0.9853,-44.0035,0.9853,1.2386,0.2533,5.6122,5.373,175.5919,173.432,,129.5283,0.2392,0.2533
404,13.4633,-1.1807,1.0987,0.5666,-41.5738,0.5666,1.0987,0.5321,4.9623,5.1221,174.1814,173.6874,,139.4924,-0.1597,0.5321
405,13.4966,-1.3734,1.104,0.5026,-47.6802,0.5026,1.104,0.6014,3.6613,4.5802,172.046,174.3667,,139.4196,-0.919,0.6014
406,13.5299,-1.7941,0.9912,0.5129,-44.0189,0.5129,0.9912,0.4783,2.0993,4.1077,170.6269,174.8519,,125.5489,-2.0083,0.4783
407,13.5633,-1.8578,1.0287,0.8132,-39.3116,0.8132,1.0287,0.2155,2.4932,3.8391,170.6149,175.257,,126.6578,-1.3459,0.2155
408,13.5966,-2.1025,1.0287,1.0484,-36.2578,1.0484,1.0287,-0.0198,2.3373,3.8485,170.528,175.241,,131.2436,-1.5112,-0.0198
409,13.6299,-2.4658,1.0266,0.7558,-37.894,0.7558,1.0266,0.2707,2.2906,4.0064,170.7602,174.8731,,130.0481,-1.7158,0.2707
410,13.6632,-2.3689,1.0273,0.6767,-28.5881,0.6767,1.0273,0.3506,3.2754,4.1759,172.3979,174.6365,,128.9634,-0.9005,0.3506
411,13.6966,-2.6005,1.0258,0.8369,-19.7261,0.8369,1.0258,0.1889,,4.165,,174.4995,,137.1203,,0.1889
412,13.7299,-3.4446,1.038,0.8392,-18.3798,0.8392,1.038,0.1988,,4.4327,,174.1616,,146.5033,,0.1988
413,13.7632,-5.1153,1.2316,1.1488,-39.0242,1.1488,1.2316,0.0827,,2.8958,,176.5418,,162.4405,,0.0827
414,13.7965,-6.1516,1.5699,1.7875,-37.5035,1.7875,1.5699,-0.2176,,2.7193,,177.9906,,,,-0.2176
415,13.8299,-6.6421,1.9306,2.0259,-36.7203,2.0259,1.9306,-0.0954,,2.454,,179.4528,,,,-0.0954
416,13.8632,-6.9168,2.4263,1.9804,-26.5651,1.9804,2.4263,0.4459,,4.1122,,178.5573,,,,0.4459
417,13.8965,-5.9743,2.5321,2.1596,-10.9067,2.1596,2.5321,0.3725,,6.5219,,176.9314,,,,0.3725
418,13.9298,-6.9839,2.9304,2.2687,-12.1795,2.2687,2.9304,0.6617,,6.5674,,177.0848,,,,0.6617
419,13.9632,-7.2489,2.9186,2.3637,-17.4659,2.3637,2.9186,0.5549,,7.5224,,175.9751,,,,0.5549
420,13.9965,-7.29,3.0986,1.944,-19.8175,1.944,3.0986,1.1546,,7.2714,,175.4904,,,,1.1546
421,14.0298,-6.5874,3.1381,1.7357,-14.6326,1.7357,3.1381,1.4024,,8.2145,,173.8282,,,,1.4024
422,14.0631,-6.0714,3.2099,1.9339,-24.0559,1.9339,3.2099,1.2759,,8.5308,,172.6914,,,,1.2759
423,14.0965,-6.0166,3.1358,1.7087,-24.28,1.7087,3.1358,1.4271,,8.2917,,172.5542,,,,1.4271
424,14.1298,-6.1378,3.0461,1.9517,-25.1707,1.9517,3.0461,1.0945,,9.0151,,170.9085,,,,1.0945
425,14.1631,-5.9788,3.0733,1.9697,-24.7567,1.9697,3.0733,1.1036,,9.2356,,169.9933,,,,1.1036
426,14.1964,-5.3993,3.1299,1.8255,-24.2579,1.8255,3.1299,1.3044,11.7988,9.2011,178.1687,170.4149,,,2.5977,1.3044
427,14.2298,-4.4024,2.9423,2.1009,-24.4732,2.1009,2.9423,0.8414,12.1063,9.7856,177.8733,169.3558,,129.5184,2.3207,0.8414
428,14.2631,-4.0201,2.8449,2.037,-37.2484,2.037,2.8449,0.8079,12.1873,9.0645,177.7962,169.888,,69.797,3.1228,0.8079
429,14.2964,-3.0743,2.501,2.5066,-33.9933,2.5066,2.501,-0.0056,12.2507,7.9733,177.5125,171.1316,,56.3867,4.2774,-0.0056
430,14.3297,-2.2101,2.1553,2.7715,-31.6952,2.7715,2.1553,-0.6162,12.1351,7.6912,177.0609,170.7563,,52.625,4.4439,-0.6162
431,14.3631,-1.1863,2.1065,2.6133,-34.0083,2.6133,2.1065,-0.5069,12.6459,7.7652,175.8986,170.5746,,100.191,4.8808,-0.5069
432,14.3964,-0.7492,2.0422,2.5915,-29.9542,2.5915,2.0422,-0.5493,11.4073,7.4745,176.8711,170.8866,,118.204,3.9327,-0.5493
433,14.4297,-0.8027,1.9611,2.7967,-29.8744,2.7967,1.9611,-0.8356,9.6763,6.2691,178.5323,172.1264,,134.115,3.4072,-0.8356
434,14.463,-1.06,1.804,2.5988,-39.4512,2.5988,1.804,-0.7948,6.8536,4.8185,178.6633,173.2933,,141.1561,2.0351,-0.7948
435,14.4964,-1.1193,1.8097,2.1929,-41.2075,2.1929,1.8097,-0.3832,4.7237,3.3055,175.5248,174.7277,,141.9365,1.4182,-0.3832
436,14.5297,-0.8243,1.5811,2.2771,-40.6564,2.2771,1.5811,-0.696,3.262,1.8566,173.4472,176.1381,,152.6735,1.4054,-0.696
437,14.563,-0.7292,1.5494,2.1086,-39.5691,2.1086,1.5494,-0.5592,2.0309,1.0947,171.3353,176.8657,,154.8141,0.9362,-0.5592
438,14.5963,-0.6302,1.3715,2.1117,-39.6762,2.1117,1.3715,-0.7402,0.8273,0.6356,168.9891,177.0836,,150.786,0.1917,-0.7402
439,14.6297,-0.3177,1.3365,1.447,-36.2378,1.447,1.3365,-0.1105,0.2083,1.0843,167.4526,176.3278,,147.5656,-0.876,-0.1105
440,14.663,-0.1069,1.2915,0.4308,-34.2537,0.4308,1.2915,0.8607,0.9046,1.3468,166.6773,175.835,,149.4016,-0.4422,0.8607
441,14.6963,-0.1614,1.2031,0.6049,-34.4285,0.6049,1.2031,0.5982,0.8027,1.6035,166.1854,175.1989,,147.0555,-0.8008,0.5982
442,14.7296,-0.054,1.0222,0.6945,-34.6024,0.6945,1.0222,0.3277,1.0016,3.0081,168.9176,173.1619,,141.2495,-2.0066,0.3277
443,14.763,-0.0543,0.7918,0.524,-34.7177,0.524,0.7918,0.2678,2.1911,3.7675,171.0192,172.1696,,129.5263,-1.5764,0.2678
444,14.7963,-0.3258,0.7944,0.5281,-22.6391,0.5281,0.7944,0.2664,2.8778,4.7346,172.2779,170.7264,,137.0055,-1.8568,0.2664
445,14.8296,-0.6542,0.5599,0.0891,-16.5841,0.0891,0.5599,0.4708,3.4931,4.6473,173.9898,170.7756,,143.9022,-1.1542,0.4708
446,14.8629,-1.256,0.3748,0.4497,-18.7457,0.4497,0.3748,-0.0749,4.1652,4.6473,175.6182,170.8303,,146.5803,-0.4821,-0.0749
447,14.8963,-2.4564,0.3801,0.4547,-15.4537,0.4547,0.3801,-0.0747,5.3308,5.0116,177.9418,170.4049,,150.8935,0.3192,-0.0747
448,14.9296,-3.4533,0.4755,0.3649,-10.7389,0.3649,0.4755,0.1105,5.6111,5.2753,178.568,170.1255,,160.6367,0.3358,0.1105
449,14.9629,-4.6001,1.0068,0.6366,-12.3194,0.6366,1.0068,0.3702,,5.8098,,169.4871,,165.217,,0.3702
450,14.9962,-4.8819,1.2391,0.6386,-8.837,0.6386,1.2391,0.6005,,6.5463,,168.3666,,172.38,,0.6005
451,15.0296,4.7267,1.7227,0.833,0.3901,0.833,1.7227,0.8897,,7.9072,,167.3719,,175.4038,,0.8897
452,15.0629,-4.0697,1.8882,0.8343,-6.009,0.8343,1.8882,1.0538,,9.6129,,165.4136,,178.8154,,1.0538
453,15.0962,-3.245,2.0419,0.8263,-15.5674,0.8263,2.0419,1.2156,10.4692,10.8735,176.5499,164.4721,,177.9482,-0.4043,1.2156
454,15.1295,-2.2996,2.0524,0.8994,-20.3652,0.8994,2.0524,1.153,12.7557,11.018,173.622,165.4002,,177.2863,1.7377,1.153
455,15.1629,-1.9092,2.2083,0.9893,-29.4962,0.9893,2.2083,1.2189,12.2816,11.7291,174.8956,164.8426,,178.5637,0.5526,1.2189
456,15.1962,-1.2994,2.0156,1.1582,-35.0754,1.1582,2.0156,0.8574,12.6565,12.1483,175.2715,165.2879,,178.1901,0.5081,0.8574
457,15.2295,-1.1378,1.776,1.2492,-36.051,1.2492,1.776,0.5268,12.5602,11.7372,175.6406,166.7285,,165.471,0.8231,0.5268
458,15.2628,-0.51,1.5374,1.3364,-35.1931,1.3364,1.5374,0.2011,13.3344,11.7112,175.2738,167.8534,,152.2651,1.6232,0.2011
459,15.2962,-0.2831,1.3972,1.0725,-38.9144,1.0725,1.3972,0.3247,13.3392,11.054,175.2813,169.7684,,159.3209,2.2853,0.3247
460,15.3295,-0.1145,1.0572,0.812,-39.9011,0.812,1.0572,0.2452,13.3269,9.4623,174.7451,172.832,,119.3251,3.8646,0.2452
461,15.3628,-0.972,1.0628,0.8237,-40.2748,0.8237,1.0628,0.2391,13.0726,9.1453,174.5926,173.6762,,112.8046,3.9273,0.2391
462,15.3961,-1.7149,1.0131,0.5635,-40.8686,0.5635,1.0131,0.4495,12.0154,9.9894,175.0074,172.6545,,111.3429,2.026,0.4495
463,15.4295,-2.0638,0.9086,0.5749,-39.2769,0.5749,0.9086,0.3337,10.6372,10.9775,175.7212,170.7582,,120.8838,-0.3403,0.3337
464,15.4628,-2.2491,0.9728,0.6786,-38.6105,0.6786,0.9728,0.2942,9.0865,10.7159,177.0349,170.9391,,144.5621,-1.6294,0.2942
465,15.4961,-1.9769,1.1375,0.8739,-40.1528,0.8739,1.1375,0.2636,7.1492,9.9058,179.0414,171.3815,,160.8545,-2.7566,0.2636
466,15.5294,-1.4613,1.1913,0.9596,-40.97,0.9596,1.1913,0.2317,5.4258,8.8646,178.6536,171.5974,,173.1097,-3.4388,0.2317
467,15.5628,-1.5961,1.1047,0.9501,-40.8535,0.9501,1.1047,0.1546,3.5246,7.9411,176.3207,171.412,,157.55,-4.4165,0.1546
468,15.5961,-1.9647,1.0483,0.7601,-40.2364,0.7601,1.0483,0.2882,2.2148,7.409,174.6575,171.667,,147.7265,-5.1942,0.2882
469,15.6294,-1.8612,1.0512,0.5749,-31.9946,0.5749,1.0512,0.4763,1.2026,8.0429,172.7235,169.9216,,150.2081,-6.8403,0.4763
470,15.6627,-1.5777,1.1058,0.1919,-36.1247,0.1919,1.1058,0.9138,1.226,7.715,171.6237,169.7834,,158.0577,-6.489,0.9138
471,15.6961,-1.3479,1.1068,0.0974,-34.5579,0.0974,1.1068,1.0093,1.0271,7.8771,171.3862,169.0663,,161.6088,-6.85,1.0093
472,15.7294,-1.0472,1.1595,0.1969,-35.6076,0.1969,1.1595,0.9626,1.928,8.0884,173.0391,168.1221,,162.1451,-6.1604,0.9626
473,15.7627,-0.8113,1.2121,0.3005,-32.9492,0.3005,1.2121,0.9116,2.277,8.665,174.6939,167.1456,,150.8486,-6.3881,0.9116
474,15.796,-0.4982,1.2648,0.3042,-32.9801,0.3042,1.2648,0.9606,3.0424,8.9979,176.4917,166.5476,,144.2984,-5.9556,0.9606
475,15.8294,-0.062,1.3236,0.41,-33.4317,0.41,1.3236,0.9136,4.0536,9.4944,178.4953,165.6816,,118.7865,-5.4408,0.9136
476,15.8627,-0.6187,1.3409,0.4144,-25.3648,0.4144,1.3409,0.9265,4.8383,9.623,179.5,165.4468,,114.7291,-4.7847,0.9265
477,15.896,-1.4213,1.3498,0.518,-22.6594,0.518,1.3498,0.8318,5.2653,9.2371,178.3785,165.8248,,74.955,-3.9718,0.8318
478,15.9293,-2.6558,1.4564,0.929,-14.3992,0.929,1.4564,0.5273,5.419,9.3655,178.5262,165.5145,,81.8795,-3.9466,0.5273
479,15.9627,-4.0724,1.7227,1.1334,-17.7649,1.1334,1.7227,0.5893,5.2149,9.2189,179.0718,165.8508,,79.4061,-4.004,0.5893
480,15.996,-4.82,1.8876,1.5482,-20.5085,1.5482,1.8876,0.3394,5.6656,8.7234,178.4339,167.047,,155.6191,-3.0578,0.3394
481,16.0293,-4.8778,2.1071,1.8443,-16.342,1.8443,2.1071,0.2628,7.1388,8.6097,176.7794,168.0511,,175.1126,-1.4709,0.2628
482,16.0626,-4.9098,2.3563,1.8312,-10.4214,1.8312,2.3563,0.5251,8.6124,8.6097,174.8617,168.5702,,167.1718,0.0027,0.5251
483,16.096,-5.1887,2.7738,1.9159,-8.5649,1.9159,2.7738,0.8579,10.276,9.1918,173.3906,168.4341,,173.2272,1.0842,0.8579
484,16.1293,-5.4644,2.9456,2.1438,-13.8111,2.1438,2.9456,0.8019,10.7643,9.8976,173.5536,168.4603,,175.1007,0.8667,0.8019
485,16.1626,-5.3042,3.186,2.1324,-13.2191,2.1324,3.186,1.0537,12.5867,10.5664,172.0513,167.9572,,172.4751,2.0203,1.0537
486,16.1959,-4.6734,3.4224,2.1136,-13.2942,2.1136,3.4224,1.3088,14.2942,11.3533,170.8579,167.5583,,168.9951,2.9409,1.3088
