frame,timestamp,hip_flex_L_deg,knee_flex_L_deg,ankle_dorsi_L_deg,hip_flex_R_deg,knee_flex_R_deg,ankle_dorsi_R_deg
8,0.2666,1.3551312910223032,172.82948777828136,5.850216856711711,1.6401798699784678,177.6646261973746,13.48651405189446
9,0.2999,2.8683710506959414,174.04264241863376,5.570707243666334,1.471944515727671,177.33055380585301,17.091245183153745
10,0.3332,4.425474912078926,175.50235025430177,5.3975094606024925,1.0854743597382566,176.79913047386646,20.47555014289884
11,0.3666,5.902254809800752,176.43993260177527,4.364922470046537,0.958835661249509,173.59008162215707,23.523404865552862
12,0.3999,7.359494638280182,177.59193299531347,2.2084946619253287,2.266774542094481,171.41880779011007,25.427391401468753
13,0.4332,8.0992484101738,178.12957645649828,1.223509691120654,3.546853657499639,169.08921230821915,27.68707086394423
14,0.4665,8.372110543292536,177.84819890124535,0.5698113695093525,4.48000153496838,167.50965420956874,28.621935535698952
15,0.4999,8.509539055574976,177.6074752297431,0.6269718995223457,4.606855273073791,167.34524573030268,27.513766004975878
16,0.5332,8.599605237976164,177.43750526177485,0.019210117897728196,4.176457518883922,168.8203742508893,24.196126698725806
17,0.5665,8.860720937830195,177.1749469044777,1.3809275645866137,3.2801619065754153,170.9166000464372,23.508859905036985
18,0.5998,9.268279361644204,177.0621964282637,2.1815961374339565,2.537459080996996,173.30648431772644,21.51008123753806
19,0.6332,9.497248006511768,176.5424144185291,3.3496294329699197,1.3765283186249349,176.1087190339023,20.512337602873885
20,0.6665,9.775220805893241,176.43704119278036,3.535682897867815,1.0359771332661012,177.8388821588981,20.691456961440082
21,0.6998,10.001847319444664,176.6882150073012,3.06243356132606,0.4041963247592548,179.6892714218771,18.552126375441674
22,0.7331,10.180891738924629,176.97084829932734,3.0119425939737425,0.5017015337004693,178.17486900504446,13.985844026728302
23,0.7665,10.199769298366505,176.94089711618585,2.927767337840919,0.7984957503136201,177.28916694846018,10.242604395995983
24,0.7998,10.154266580200328,176.93235120365352,2.9950576702055116,1.988637856474071,175.90444085283778,8.92728771256219
25,0.8331,10.098915783989185,176.83330191244613,3.4244821119087874,2.8024515198666933,175.0022851169593,8.458639236764668
26,0.8664,9.479369449269996,176.12324336530355,3.612484796929351,3.6251954905489896,174.30832752380675,8.038559379393888
27,0.8998,8.816858965862252,175.38748117521908,3.198334346125165,4.413735727030939,173.91315193764964,8.06226156018576
28,0.9331,8.012753251446895,174.25423799860036,3.2377309389724473,4.640777448359515,173.8879078721161,7.673456974259722
29,0.9664,7.086337835753966,172.82182553767402,3.782073900520146,4.036556185654334,175.3717700501983,8.238070903761695
30,0.9997,5.88814055529491,171.26726656666327,4.2741905214502935,3.965633184517543,176.4301862836921,8.913049576516443
31,1.0331,4.798251036872102,169.38020638571604,6.842812011320802,3.880205667704871,176.9196834370469,8.737077105374595
32,1.0664,4.641140210745448,170.6048967428189,9.69011911332396,4.078535358738748,176.9247907859787,9.09410401670712
33,1.0997,4.085616779974771,172.1290325368256,9.981650232267157,3.907303588969981,177.39464908360853,10.069533917131821
34,1.133,3.433630362450515,173.8882226855272,9.282584843686863,4.19219362787527,177.20013798940178,11.233463376911459
35,1.1664,3.1572438277403876,176.16090296169838,16.723919417443426,4.19949644022816,177.17142292906138,12.382749540933588
36,1.1997,3.7734010743126873,179.30624201292332,10.054403025593416,4.050453055708587,177.0212817517986,12.135235340850329
37,1.233,4.306614709121789,178.25189538948112,0.8836721080733696,2.3412832135663564,178.44623804210454,12.097453729690898
38,1.2663,5.55297103303684,176.27777761498857,3.431646751569616,0.09844625967224374,179.40848691484535,11.48784417477367
39,1.2997,6.438431698336558,175.99084162516345,3.759342639741675,1.9783422423640786,177.82442693766393,10.70023383888983
40,1.333,6.307606471974964,177.12076208687986,4.656152436967176,3.207616625694129,177.18820284251535,10.129288402818673
41,1.3663,5.57456814069559,179.95587850817287,2.4333404118545445,5.027440385858881,175.66882821421314,9.795208412259484
42,1.3996,6.180534590376283,178.80782728117978,0.2476909602922035,6.50827980127923,174.5184163787787,9.47478882859349
43,1.433,6.709836807756915,177.0824840075024,4.728260346466783,8.96208073253564,171.14481425447204,11.34544592494413
44,1.4663,7.683228710836147,177.36198625467557,4.243205472413138,10.24902078375601,169.3234067094106,12.663684016249618
45,1.4996,7.303322141066815,175.93982553851293,4.592949057769232,10.267562739190055,168.53212988681676,14.98190460964696
46,1.5329,6.654425046006509,174.35456033811107,5.239552769108087,8.566356204056433,168.7654796198501,16.98688249349101
47,1.5663,6.704332890433534,173.5914084503425,5.793905064500734,6.609078842757128,170.887781377658,12.64228554848384
48,1.5996,6.319402276752271,172.7801917465451,6.162484523261696,4.13467137373641,173.60611782942718,8.012135496277438
49,1.6329,5.803575495848065,171.3303193020293,7.224557836244912,2.9824615827845946,175.07448498367606,6.077724807275615
50,1.6662,5.515552333123537,170.56594216887652,8.04605624452185,2.4013192559725667,175.2418005774894,13.410342645758305
51,1.6996,6.28847143181838,171.1325088677509,7.836943188477022,2.3336464237635255,175.81331294541,16.899432463024937
52,1.7329,7.334378801416733,172.03783148698673,5.921900293538442,2.233492773571129,177.1051134653001,16.960190142666136
53,1.7662,7.947715313731351,172.30921049953398,7.35782257147568,0.2652563433759383,179.2043446531112,15.80774594567444
54,1.7995,8.365886124032613,172.91076778878897,6.911199424444675,1.8504507686701146,174.98322271232638,11.741931493251741
55,1.8329,8.349922591727818,172.39074372751224,11.799536570502823,2.948993915689769,173.55574819824275,7.561155094180975
56,1.8662,8.433519356368436,172.01449678787012,14.690794917999938,3.2316942905770674,173.37268194390714,3.8367549427616154
57,1.8995,8.629204181524585,172.08318416644386,14.909442973464252,2.8072029061532078,174.5940401499926,0.89383621700253
58,1.9328,8.243759250615824,171.22110818821167,15.197108755074566,3.381343972346002,174.52238180187035,0.4977371331081599
59,1.9662,7.90223699978003,170.20859700630834,15.316689179067964,4.043637463999943,173.9526626978769,0.13891457878580127
60,1.9995,6.991925346667813,168.26797125974042,15.418123855377644,4.48295426313382,173.59115890931685,0.3273497348735077
61,2.0328,5.85149855159176,165.59100742133995,15.756766134659784,4.658254109675568,173.9033062977444,0.3839930950524604
62,2.0661,4.873896422204837,164.2889212482442,14.09760193285652,5.371719197381964,173.45400759764365,0.8988769438723239
63,2.0995,3.4074814400351556,161.62999503350946,16.139167944678178,5.829817239081038,173.2379372632442,0.6020960020264567
64,2.1328,2.550660249330406,164.30234196997395,16.937859069906835,6.585205099009556,172.82239288521407,1.6880833089056182
65,2.1661,2.1210963966614145,167.4373242200773,12.377805452589143,6.68984002660811,173.0555137411189,2.74500907422302
66,2.1994,1.692539870085966,169.75014720773976,9.452839740346917,6.795061021019748,173.45958521125306,4.828567492173818
67,2.2328,1.6794876574858222,171.95190910608423,9.727578551401592,6.539299230001973,173.96254877840735,6.029388160065395
68,2.2661,1.38035407344438,173.94894610227172,7.652626097837668,6.849557992766549,173.48403811828894,6.356283008956922
69,2.2994,1.2768119196890666,174.70665470033984,6.341888389195759,7.092911881111391,172.73980164675936,5.910750511618005
70,2.3327,2.099345193379122,177.32332325662426,5.280817505310665,6.62458275673923,172.87209977005296,6.04740899789266
71,2.3661,2.7767918438512424,178.81141238087733,3.221320260085264,6.160995653523244,172.99523943397796,3.4320762001302114
72,2.3994,2.882388407330268,178.99881604056807,1.6378298008673084,5.3637603799791265,173.9500954221858,2.7820850610816876
73,2.4327,2.9747733545369783,178.8301496134323,0.08355896405277008,4.424784451743946,175.13380841440437,2.9110001132513332
74,2.466,4.2065423662299395,179.09739612364038,0.8553408586635669,2.8886215498429237,177.30236367451664,4.380992949883506
75,2.4994,4.257143399113602,177.3603563468677,1.4761917684832042,1.5458377500173128,179.95314896543377,9.706203127373357
76,2.5327,4.545335308748861,176.04587672635955,4.019018932604155,0.08364341432219646,177.6038796225051,13.890746918582522
77,2.566,5.172843157338377,175.6450101391767,5.796436019001533,1.4857245891005846,175.06688855903437,15.202449611564589
78,2.5993,5.996474072411502,175.27496405128875,7.304921829351741,2.916477452067511,173.5688112389947,10.732740205212195
79,2.6327,6.393031367738786,174.7411314000179,8.737539932206687,2.4136549426895044,176.11503037778584,4.219402859578366
80,2.666,7.281668807535084,174.82162287696812,9.75353306286408,1.7975656958704462,178.87845932729206,1.1860630001287689
81,2.6993,7.702284266266247,174.63020052897286,10.114783122129495,0.8597629863800194,179.04386039811823,1.8159025882614515
82,2.7326,8.573387741441024,175.03753137230686,10.131939328704476,0.30598256246707933,177.8416090629353,0.810081593125858
83,2.766,8.71017999001134,174.20189134676602,10.391826224520628,0.30886913475194433,178.09296741152895,2.5477399675036168
84,2.7993,9.683089078250362,174.9146078121332,10.652018847392469,0.5326147462205171,176.52996327893126,3.655450732746118
85,2.8326,9.640416863846099,174.098343400555,10.21274051403421,2.5481308881415714,172.64328515795953,1.232249578901957
86,2.8659,9.513365205224318,173.99831927911893,7.778826914065178,4.08033557623709,170.16967921305226,2.6278547485948422
87,2.8993,9.513365205224318,174.3802820567374,6.01018694310838,4.353474829942385,170.12976909121085,7.26761026538972
88,2.9326,9.334998463138277,173.9715117572866,6.4014059733158035,4.247203793792224,170.37370169538178,11.446805139902011
89,2.9659,9.096340928791676,173.64074795807338,7.759541248701595,4.715499045181204,170.07146750844365,11.840918847698731
90,2.9992,8.815221023223103,172.74010884061246,10.14358525769103,5.24640964150079,169.70115048546975,11.703535898093264
91,3.0326,8.809978920515732,172.76097412798256,10.302735582737029,5.246409641500719,170.69733845825266,10.812416395108187
92,3.0659,7.3499618164544245,170.04323042534438,11.173111537639784,5.781494944536874,171.7199106660444,9.471363675445133
93,3.0992,6.483073692897278,168.4419040960621,10.71476293666575,5.624628041445931,172.8404078004658,8.427387280573413
94,3.1325,5.214634306984124,166.54222653777722,11.035835553718016,5.639673778355814,173.65734579890864,7.424689542695745
95,3.1659,3.379395221005211,163.96392976504217,15.179070656904145,6.221958774002459,173.35152965388335,7.301329600818349
96,3.1992,2.3343316952752957,164.5333813460753,18.56079677481037,6.387648206217051,173.46857347697738,6.617734285477809
97,3.2325,2.017130782342349,167.9361075036717,18.34656733219103,6.568335206618485,173.6495184184787,5.156523747227254
98,3.2658,1.3537527699056113,169.21157523650555,17.747419999872307,6.285092098574637,174.520805613609,3.1123511518837006
99,3.2992,1.1993669691118498,170.9997347137928,18.21208430354912,6.128131570029012,175.23579596157398,2.151531622448715
100,3.3325,1.1949534038349157,172.4008404350097,13.154269924492581,6.293432415012546,175.2857504762834,3.0253042656857474
101,3.3658,2.1756316369470596,174.65308673381685,8.357701195350984,5.717692986225771,176.10407768598773,2.662835337331245
102,3.3991,3.056580448149475,177.10971739417587,4.296144726050727,5.710593137499643,175.8967747844721,3.4722399380430886
103,3.4325,4.085616779974828,179.4174591255869,1.3828811796496723,4.923437376696143,176.32672138222406,4.7304407658430705
104,3.4658,4.936653080872702,179.47697175460652,0.9048878620510834,3.92800166909214,176.98379052315025,5.643135711660591
105,3.4991,5.231771361395772,179.63116321207767,0.2939999977169805,2.709360583326486,177.59219336654172,5.801225703787395
106,3.5324,5.341121430002261,178.08309132235087,2.1072606627740242,1.4161708598181804,178.66231646028348,4.4128653222659295
107,3.5658,5.635491467612496,177.01984328344832,3.493580666995598,0.21299448171140511,179.88371201786276,1.1270761704928418
108,3.5991,5.437074367857292,175.4406174822986,4.787310336351283,0.7012597124925151,178.07428411344938,1.5252186583011564
109,3.6324,5.615349706683162,174.17192311375211,6.757526753428408,2.186338658958732,175.7715651298422,5.214279757037815
110,3.6657,5.83329658242053,173.76689673126083,8.014068764291466,3.2423544759081437,173.0483611325853,9.91843138101089
111,3.6991,6.2874678937492945,173.30300812699016,8.718915713238829,3.781491325203092,172.095423270509,8.128505966709326
112,3.7324,7.207575051869469,173.61662660402806,9.37846923938497,3.836845590389487,173.53330688051653,4.441518781760294
113,3.7657,7.8242064215720575,173.83834023800804,9.68481012390464,3.176083583577622,175.715551098606,1.8299364812318402
114,3.799,9.108317964560229,174.92032028539072,10.124631686236512,2.659912294544199,177.3400877054556,1.1233027140752938
115,3.8324,9.290970854916281,174.14836826635738,10.93496206768097,2.3532968661083373,178.37346051243327,1.4829160832015873
116,3.8657,9.484029264957485,174.31825565691142,10.579674711875185,1.8810652097222942,179.96468570923471,1.033099324685594
117,3.899,9.484337876303528,174.33603210485546,10.320069091727078,1.1394343302578136,178.18521348206747,0.7035799511530456
118,3.9323,9.50553168664635,173.31632542961952,11.106193406256722,0.06254995278501951,175.2433420353535,2.9451619673071434
119,3.9657,9.429945617284716,172.83184122442367,11.47183602817239,0.7424523436605455,173.7989469525181,2.932483792201623
120,3.999,9.407335872206943,172.8579868200645,12.51689219337004,1.242663673844575,172.98240810255112,3.5526249911331433
121,4.0323,9.406543624095889,172.59860637610012,13.57100713897816,1.7489460445542448,172.4292502054458,3.284039461017386
122,4.0656,8.986310822783537,171.68822997298776,14.516075312543592,2.52702212971748,171.56874388228144,2.940613330599234
123,4.099,8.231380341979843,170.154206045155,15.461419421402866,3.9852281473631876,170.0818014909382,2.2975174045726874
124,4.1323,6.448967300921822,167.2666125590218,16.184566132534542,4.51723182951369,170.63496430500274,1.8266629892187325
125,4.1656,4.742377717119723,164.31580301133735,16.765720876656502,5.686297250261731,170.11654597117268,1.6733565327833162
126,4.1989,3.1477755440067767,162.39453344512614,17.193346047779613,6.473530531289654,169.77931155385374,0.8607393709915812
127,4.2323,1.9727413745693525,162.1304450373862,19.715815793155826,7.073104577371041,169.52718126350578,0.681007117330239
128,4.2656,0.8550973962667854,163.14471781644562,21.821820777899973,8.0711127505554,168.5793729858499,0.26377984514076047
129,4.2989,0.4117695601484286,164.704691398404,23.61134021521832,8.603335967727602,168.1844542721632,0.12647534165145657
130,4.3322,0.8868607374716078,167.9732234393885,19.4514899501566,8.271655365345751,169.36939912756887,1.911215585783225
131,4.3656,0.9798121738483729,170.12277715690593,21.528783996319504,7.881352341727549,170.2729566559864,3.070875003723785
132,4.3989,0.7374297078407182,172.34145265372425,19.944197309039936,7.667916520457737,170.73930539056485,3.7821312331328727
133,4.4322,0.11147024751703327,175.0771705095968,13.24766058442654,7.590766268887464,171.32603923579856,5.635344587514652
134,4.4655,0.6655551105375253,177.05167435853397,8.589140241367545,7.295142743941597,171.86409903974968,6.783434288143127
135,4.4989,1.4957781319335481,178.17654249758957,7.465620642531832,7.058410590269389,172.0145541399585,6.356988384644779
136,4.5322,1.8893735674822665,179.34341607666678,3.0089436114956243,5.942043219746111,173.48117311532386,6.954699027419991
137,4.5655,2.843299355221575,179.8173250279615,1.1622836737299735,4.827119177424947,174.5269580240779,7.02088146331684
138,4.5988,3.038441052820758,178.79237412118343,4.133280109775143,2.712590083321942,176.80303684673814,10.025670299328738
139,4.6322,3.2997897027873933,177.3101694305019,6.447061886052552,1.3901202012269067,178.31718359903797,12.35272419679788
140,4.6655,3.505727558454737,175.76486721859217,8.632551447384316,0.9382298167954559,177.93256464325856,13.857172228042714
141,4.6988,4.024497230372617,174.73991845561497,10.27613749581542,3.6895600007449616,173.49759143904387,16.165152858953974
142,4.7321,4.390500317172041,173.81976003725458,11.730415488401064,5.817184594941125,169.39128237930177,18.979152045074784
143,4.7655,4.891533843305069,173.01661382180765,12.812190674325223,7.49876945451183,166.81519624896757,17.509731162721806
144,4.7988,5.302035674616718,173.06406698781572,13.277495770319888,7.660475334466298,166.75533456248087,16.53825274645132
145,4.8321,5.534430390275247,172.41597852904238,13.914175413972032,6.375919726841175,169.34093704365563,12.769115414281032
146,4.8654,6.716050426593142,172.6933296819259,14.691512697635773,5.170577531411652,172.47246073664866,12.591764495362895
147,4.8988,7.559066981041212,173.24091122161707,13.864337293423631,4.297081163029873,175.01085507271983,13.380743377376007
148,4.9321,7.712979763531052,172.39297345569642,15.655719924016779,2.893353609587166,177.875026536158,11.688613379772676
149,4.9654,8.449143869949296,173.23324869628573,15.667033720450831,2.123012451220916,179.79679767873628,10.94098292913904
150,4.9987,9.354875958895263,173.70606365357207,16.320216488173116,0.9257040326643278,177.26793739368978,7.379849541845516
151,5.0321,8.986812249544187,172.97850582818438,16.910527582889955,0.205176489168025,174.67684794705704,1.8787907933597978
152,5.0654,9.671496346781112,173.30169502649684,17.388788765652237,0.26043356781337934,174.92242650715215,1.349764621288557
153,5.0987,9.587833024818678,172.60989242615406,18.33380057477126,0.3012896655664008,174.1370612004598,4.354785766915029
154,5.132,9.195127909101132,171.8592900991441,19.24873824971931,0.19998445667886244,173.86983051366443,5.504575853218597
155,5.1654,8.681224097245547,170.14557980767438,20.411713899810593,0.15051396072180978,173.84055745185393,4.614838131450313
156,5.1987,7.324884536491254,167.06842236196823,21.763897933297955,0.0496497098541937,173.59525717148657,7.626556959868822
157,5.232,5.136970348176931,162.18641196268518,23.36649140207797,0.397880961834602,173.2519297736842,6.79088049323434
158,5.2653,3.15022754977133,158.80483192589122,22.278918638235837,1.2996812838976979,172.38017097130341,6.210385849353486
159,5.2987,2.5722049697001808,157.309794727595,26.08086570379382,1.9440190249362104,171.91629857513985,10.931716446855916
160,5.332,1.5441209845218964,158.51419580501926,26.41205612593484,2.2158422409339664,171.6833975025998,12.494126724476388
161,5.3653,0.7991918202600345,161.89461597764833,24.52847402011136,2.2965947694208353,171.8286935045027,14.975215470442748
162,5.3986,0.3320082512895226,163.7816180051363,21.498576972899002,2.4387212516036527,171.88734610626202,15.40151119353601
163,5.432,0.508255679853562,167.71728836251316,8.170892985653808,2.3559284325095717,172.5170692594185,13.091987599116692
164,5.4653,0.36006300245048806,171.03734520043918,4.112617663329701,2.3373058591238163,172.68467068358422,11.293792451265404
165,5.4986,0.08896853022230289,174.5660877084342,7.444203161333121,2.204362737666443,172.82159294918515,8.172875906839323
166,5.5319,0.6071997604174726,177.9533292501562,10.410585081188515,1.7870486097213671,173.18999684254317,4.559031249109154
167,5.5653,1.1157318075755143,177.97077434287766,7.740569589960813,1.042450565970313,173.93177482761237,2.4758255934571594
168,5.5986,0.04212924204946944,175.63362381394802,5.471278754893831,0.3652271137816996,175.19743248683372,1.0982661719718294
169,5.6319,0.2990803980828929,171.84421972432963,3.7912742560082506,1.15128754168677,175.86788283210026,0.4162477213491229
170,5.6652,0.3882937659544865,169.60075234594643,7.949554392227384,3.1388826338835543,177.43877554669007,0.32486369643680746
171,5.6986,0.3405355415015947,168.0926019599747,15.204026266228965,3.666630529959832,177.5452631033415,4.40055259294553
172,5.7319,1.1082622589559037,168.52529976487898,13.540705461223837,5.528969580079718,179.30722177498325,4.3820447677999255
173,5.7652,1.237942653880907,168.42455559857876,10.61078889353638,6.018253924408555,179.11291135848884,0.40671358572359395
174,5.7985,2.0771747651627948,168.26377460556336,11.747348794638384,6.912548424734723,176.36127287712918,2.7472838592334767
175,5.8319,2.20097182683827,167.64132704458027,12.447566135825838,8.025017969694375,172.8675412458339,6.723902803764844
176,5.8652,2.398201310131924,167.48321915521214,12.630891145079744,8.41264786157069,171.320862062371,7.369259957620301
177,5.8985,3.0528825147924294,167.66441468203342,16.549149719770014,8.221580370380593,171.18005204232202,4.995235861814848
178,5.9318,3.4759175595615943,167.307777713715,19.154776836321787,7.5719654439838,171.4888436102807,11.393771716952557
179,5.9652,3.754518781405295,167.44805014901848,19.07668442958706,6.950897654416053,173.00095464304093,6.922075330729143
180,5.9985,3.694149626209537,167.197291620461,22.3445993256492,5.825504653534438,175.10605194454303,0.8442155384244074
181,6.0318,4.22081894528651,167.1897295631882,17.53886733892469,5.279530745624129,177.76669601244075,9.198689834865746
182,6.0651,4.720920848999867,167.82949676804222,23.714173340333588,4.8817423646300995,179.29600666038917,7.88075944449443
183,6.0985,4.845447019010919,167.89723045812897,29.441175202593143,4.632183196785832,177.6482457367004,3.5109029675352303
184,6.1318,4.839587576297561,167.73685860724524,33.25122052018554,4.288126375501179,175.23023824688352,4.887228927853869
185,6.1651,4.7852926959355955,167.73197792723468,35.72127722592779,3.453316250531145,173.30531637443087,5.040457100767526
186,6.1984,4.950952763308521,169.82120755711387,33.29820395305828,1.2390810474585123,171.6755434081428,10.610686826755
187,6.2318,4.688025132706741,170.705719779713,31.47806323018014,0.7990525092087637,166.02742448088893,6.599432680935564
188,6.2651,3.8401803362361306,170.34881610984036,28.76135336242183,2.0569220461938755,165.77256473671653,11.453846491202
189,6.2984,2.3461628353267656,168.60862852047904,24.393931108190117,3.13364691220319,166.06742900045845,12.545914907760448
190,6.3317,0.46375262054175437,165.51620033173154,22.58595793990787,3.8140748342903237,166.84872222739511,12.09683282006253
191,6.3651,1.1873073157287877,163.55189719737064,13.88961578401657,4.573921259900885,168.1749221802137,18.53000365680765
192,6.3984,2.1435447876427673,161.32476161641966,12.907569303705884,4.68589983950271,168.44617395486816,14.723272696234119
193,6.4317,2.7851664221143437,158.34399965993262,15.060979767228787,4.7636416907261605,169.1803629313303,12.982482740775993
194,6.465,3.128809848832148,161.29864655435753,12.281820866151179,5.7180671499165925,167.82064951949562,15.072640799738451
195,6.4984,1.9378397654411117,165.74827785497328,,6.217098739544383,166.05671460843178,22.346859500788014
196,6.5317,0.8043550349748188,168.69813364207735,,6.286893361736432,165.8527122651208,
197,6.565,1.1522424694160804,170.78125070188196,,6.364517719333506,165.83964400633124,
198,6.5983,2.592754640200326,,,6.454652340388336,,
199,6.6317,3.278796927677206,,,6.511418128127801,,
200,6.665,4.376163493460467,,,6.469819985173189,,
201,6.6983,4.7727778306795585,,,6.010909282063224,,
202,6.7316,5.263830233299927,,,5.250078107611344,,
203,6.765,5.991506907691871,,,,,
204,6.7983,6.223091045718434,,,,,
205,6.8316,7.602194541000358,,,,,
206,6.8649,8.151577532877923,,,,,
207,6.8983,7.469677253380496,,,,,
208,6.9316,6.71449594818273,,,,,
209,6.9649,,,,,,
210,6.9982,,,,,,
211,7.0316,,,,,,
212,7.0649,,,,,,
213,7.0982,,,,,,
214,7.1315,,,,,,
215,7.1649,,,,,,
216,7.1982,,,,,,
217,7.2315,,,,,,
218,7.2648,,,,,,
219,7.2982,,,,,,
220,7.3315,,,,,,
221,7.3648,,,,,,
222,7.3981,,,,,,
223,7.4315,,,,,,
224,7.4648,,,,,,
225,7.4981,,,,,,
226,7.5314,,,,,,
227,7.5648,,,,,,
228,7.5981,,,,,,
229,7.6314,,,,,,
230,7.6647,,,,,,
231,7.6981,,,,,,
232,7.7314,,,,,,
233,7.7647,,,,,,
234,7.798,,,,,,
235,7.8314,,,,,,
236,7.8647,,,,,,
237,7.898,,,,,,
238,7.9313,,,,,,
239,7.9647,,,,,,
240,7.998,,,,,,
241,8.0313,,,,,,
242,8.0646,,,,,,
243,8.098,,,,,,
244,8.1313,,,,,,
245,8.1646,,,,,,
246,8.1979,,,,,,
247,8.2313,,,,,,
248,8.2646,,,,,,
249,8.2979,,,,,,
250,8.3312,,,,,,
251,8.3646,,,,,,
252,8.3979,,,,,,
253,8.4312,,,,,,
254,8.4645,,,,,,
255,8.4979,,,,,,
256,8.5312,,,,,,
257,8.5645,,,,,,
258,8.5978,,,,,,
259,8.6312,,,,,,
260,8.6645,,,,,,
261,8.6978,,,,,,
262,8.7311,,,,,,
263,8.7645,,,,,,
264,8.7978,,,,,,
265,8.8311,,,,,,
266,8.8644,,,,,,
267,8.8978,,,,,,
268,8.9311,,,,,,
269,8.9644,,,,,,
270,8.9977,,,,,,
271,9.0311,,,,,,
272,9.0644,,,,,,
273,9.0977,,,,,,
274,9.131,,,,,,
275,9.1644,,,,,,
276,9.1977,,,,,,
277,9.231,,,,,,
278,9.2643,,,,,,
279,9.2977,,,,,,
280,9.331,,,,,,
281,9.3643,,,,,,
282,9.3976,,,,,,
283,9.431,,,,,,
284,9.4643,,,,,,
285,9.4976,,,,,,
286,9.5309,,,,,,
287,9.5643,,,,,,
288,9.5976,,,,,,
289,9.6309,,,,,,
290,9.6642,,,,,,
291,9.6976,,,,,,
292,9.7309,,,,,,
293,9.7642,,,,,,
294,9.7975,,,,,,
295,9.8309,,,,,,
296,9.8642,,,,,,
297,9.8975,,,,,,
298,9.9308,,,,,,
299,9.9642,,,,,,
300,9.9975,,,,,,
301,10.0308,,,,,,
302,10.0641,,,,,,
303,10.0975,,,,,,
304,10.1308,,,,,,
305,10.1641,,,,,,
306,10.1974,,,,,,
307,10.2308,,,,,,
308,10.2641,,,,,,
309,10.2974,,,,,,
310,10.3307,,,,,,
311,10.3641,,,,,,
312,10.3974,,,,,,
313,10.4307,,,,,,
314,10.464,,,,,,
315,10.4974,,,,,,
316,10.5307,,,,,,
317,10.564,,,,,,
318,10.5973,,,,,,
319,10.6307,,,,,,
320,10.664,,,,,,
321,10.6973,,,,,,
322,10.7306,,,,,,
323,10.764,,,,,,
324,10.7973,9.854454500293969,,,,,
325,10.8306,10.971329942944806,,,,,
326,10.8639,11.085806800131138,,,,,
327,10.8973,10.944996138289582,,,,,
328,10.9306,10.980650010173576,,,,,
329,10.9639,10.94612342114658,168.56038508287125,,,,
330,10.9972,10.866551801332548,169.08269907153766,,,,
331,11.0306,10.14499979203174,169.6555378996935,,,,
332,11.0639,9.43554431021846,168.33905550772397,,,,
333,11.0972,8.06054053542448,168.08929383882398,,5.531664227047713,,
334,11.1305,6.912835286182428,168.61773765039038,,4.745075333789146,178.43427105983488,
335,11.1639,6.2540327439164685,168.2758485712123,,3.3527960370461187,177.41048525297077,
336,11.1972,3.8550735961751457,171.12671031745194,,2.2514949616636386,176.53242235411867,
337,11.2305,3.4942533100216906,170.9253162269051,108.19191834829181,1.2584922018135671,174.24459608390708,
338,11.2638,4.608209573888416,170.0849830967513,111.25824384771772,3.2601606378748897,176.40714119897382,
339,11.2972,4.742934868529403,169.37690260558801,106.73970242215785,3.191626656554263,175.9147763050973,
340,11.3305,5.676269610874556,166.87814079607256,93.86434288096694,3.6657502926303778,174.4287719068222,
341,11.3638,5.6265020080551835,166.98231451536645,106.72979964286444,4.273746719856149,174.05585569959433,
342,11.3971,5.835518326578779,166.50561568055085,121.67384832889061,6.480466020428935,176.21121435730095,
343,11.4305,5.745639485504853,166.74771970399243,120.3683428405958,8.687971256495075,178.21977304354377,
344,11.4638,5.7056212718827055,166.533336636666,122.98512147243,9.579892042012034,177.5153666568424,
345,11.4971,4.98040675790503,166.9870985950697,124.84640895631287,9.52002186577414,176.7652942888028,
346,11.5304,3.5298456800172744,168.50144810094707,157.38947934654607,10.978085254829125,178.65981824487147,
347,11.5638,3.3519956853192525,168.64184800545272,174.6136585554773,,,
348,11.5971,3.3580145262722,168.82581190208634,166.9617155320625,,,
349,11.6304,3.457923468330364,168.91510749719254,23.26921549168614,,,
350,11.6637,3.548295553048888,169.26556965976462,0.4199599646339891,,,
351,11.6971,3.8969619801035833,168.75793653252455,10.982350689610712,,,
352,11.7304,4.191363270304805,168.23596019410522,18.99237464148797,,,
353,11.7637,5.584258098371777,166.9481905439656,36.43775805048446,,,
354,11.797,7.640406761026725,166.07525620291239,43.536429042031614,,,
355,11.8304,8.954082291610462,166.6751206704821,27.456649538765646,,,
356,11.8637,11.19266743203815,167.4869189738702,6.031965765800692,14.867784340138314,176.8688109456444,
357,11.897,12.392188078241645,168.54105429719678,0.9759100575577406,14.920237513984262,176.68362084543173,
358,11.9303,12.84244324840381,169.96185536649034,120.37421304449803,15.139023105726892,176.18112069941196,
359,11.9637,11.801518691117565,172.44725412514256,163.34380865633818,15.26510402528379,175.97114293790128,106.62008877143187
360,11.997,11.524333465746565,172.2976803707811,169.78577036860253,14.4192126574427,176.34506222316165,103.65765153507158
361,12.0303,11.423090548446908,171.84563908039252,138.2687296288395,14.18608943504546,175.9499568248775,98.2228125950974
362,12.0636,10.493808478434687,172.74471923760672,159.48903322317537,14.009114786472196,175.88665494939426,97.92311917865626
363,12.097,9.451799567278385,173.66241945477336,125.11960223013452,13.256391321848582,176.3921858600899,96.9084941936981
364,12.1303,7.117011909234236,175.3326507108929,148.28996807445768,12.125322974092683,177.10589743611544,95.17546474622878
365,12.1636,6.755267573586536,174.73182778533095,138.87303938930617,10.879307140134983,177.68329387674012,95.34517679297957
366,12.1969,6.468497581602605,173.82562601298187,136.6913046218807,9.643694756717537,178.54716661974564,93.33286032743386
367,12.2303,6.126933005494152,172.8606689903015,126.2224359773711,8.177143213465797,179.59042806836007,94.53515504341617
368,12.2636,5.021990284576816,173.48936921455504,140.27753432168544,7.714227394298803,179.47096696571637,93.32417943301657
369,12.2969,5.819788997638739,171.76070178570498,123.4902138625211,7.352379359892382,178.2240882894239,71.82413692963074
370,12.3302,6.18075538165931,171.12759531380124,82.44383625770062,6.298124367629725,175.99812607785987,43.031376466605934
371,12.3636,6.89382550596622,169.8467116533628,47.32314291585993,4.758307881440373,172.414190097741,21.620528053265872
372,12.3969,6.732047342700696,170.01346199177272,41.07930936428994,3.6339967028221167,169.7564668996142,12.849831929806669
373,12.4302,6.534038496180244,169.85445045132113,45.47410572747614,2.7200022756413773,167.91526761201612,22.49921361435773
374,12.4635,6.13324906459934,170.02261535910824,46.41367359266252,2.758298361905588,166.56741438593934,1.7205898759002594
375,12.4969,5.525549816453122,170.55464976565855,51.936612930174476,2.5311404775941355,166.55544938874084,102.39935671385622
376,12.5302,4.94301071861355,171.21663714718977,65.4506102741542,2.7263109939062815,167.2685599121645,170.8824406641674
377,12.5635,3.695348487189335,172.31241637696652,61.23262429532369,2.1316132430030734,165.8760405553377,175.21806166224303
378,12.5968,3.689440327001023,172.02567524616003,52.859393622728135,5.324528092663854,171.20134117172418,172.58664988681778
379,12.6302,3.5687929759604913,171.94549219984313,51.075295867000875,5.798078672532938,171.9667234534008,169.18143228505082
380,12.6635,3.5010739696899122,172.04842399256216,38.12998874559605,6.458816378718666,173.79039286679307,
381,12.6968,3.5121607128272103,172.05906642938285,36.54296347572446,6.854329640693891,174.1892658756515,
382,12.7301,3.256732672236808,172.98792725456263,28.004140011611753,6.650842865731647,174.0619837035933,
383,12.7635,2.393606967284768,175.37728415481496,22.308619598677126,6.672988019381819,174.55712752545557,
384,12.7968,2.9871661399826053,175.6563566919692,16.388194457008012,,,
385,12.8301,4.426971647479377,174.34047489869084,5.107638292080111,,,
386,12.8634,6.305445977268619,172.48182047259252,6.466230257230194,,,
387,12.8968,6.9545420191708445,172.0256408197772,8.807906850111067,13.20189789237969,177.34286098262697,
388,12.9301,8.568209376875416,170.4597391737894,7.929664583556871,14.561125705106235,175.82067945413192,
389,12.9634,9.903050280786601,169.4906678036961,9.831193435601392,15.767952326295756,174.64852727839303,
390,12.9967,13.096767364996936,166.47837765010055,11.98256354249807,16.113418233089305,173.84791254417163,
391,13.0301,15.524110996754303,164.17047729294472,56.97912202318595,16.46591429508271,173.47837996810316,
392,13.0634,16.799725267545057,163.07421161461625,57.24482345256358,15.963896313425835,174.47672189057374,
393,13.0967,16.445146522897403,163.93681968183154,86.78392277896421,15.144744733258108,175.545798037544,
394,13.13,16.059987307160668,164.27468049603596,115.972296022545,14.262324851835274,176.36852537914277,
395,13.1634,15.404184964320223,165.0761276840995,132.9285470803859,14.084785489223748,176.07842880298077,
396,13.1967,13.599314627166109,167.1864884374873,135.13824228811922,12.869418626716708,176.57283500786934,
397,13.23,11.325363601983497,169.6185879086959,137.73054801015047,11.809286716021916,177.2520918651967,133.66044721891268
398,13.2633,9.801269395636666,170.92121159719332,146.2536514513733,10.5283737870663,178.20391428587115,144.01238355212035
399,13.2967,9.109133520277453,171.17987174372806,150.23510573274908,9.595956436874076,178.7930106295955,149.18517101217867
400,13.33,8.618052236506685,171.01977951811318,155.73860345921676,9.16890537827112,179.35877117735964,144.09462067303645
401,13.3633,7.3549580438779,171.64992997453126,98.760278000015,8.346779039531953,179.66394315262434,29.288767874143105
402,13.3966,6.000755431305947,172.78492734947793,45.058712800838975,6.718737122949449,177.17721463823716,0.7294812357675085
403,13.43,5.373008866529858,173.4320377296353,50.4717064870666,5.612203229324905,175.5919361067095,3.5146404769317314
404,13.4633,5.1220675171686025,173.68736028496184,41.56368523623567,4.9623381726588605,174.1813604522509,4.238939574196252
405,13.4966,4.580211969088737,174.3666753985874,40.58042670424669,3.6612562648455196,172.04597126771944,2.1529627891003145
406,13.5299,4.107685446967594,174.8519486489337,54.451111108232254,2.0993451933790084,170.62687193691744,7.214878248749272
407,13.5633,3.83909263879292,175.25704407901173,53.3422494633685,2.4931616503129135,170.61491597660736,17.17635842537217
408,13.5966,3.8485103462934944,175.240997679501,47.59303967057983,2.3373058591238305,170.54171632426477,66.80356933630334
409,13.6299,4.006391471627239,174.87305157456333,49.95189945339828,2.290610042638491,170.76020427676562,112.0218827782054
410,13.6632,4.17585463863486,174.6364761653656,51.03664649804588,3.275402640920106,172.39793557582365,163.28017119645278
411,13.6966,4.1650324279438,174.49947964954342,42.87968747449543,3.0633655806567504,173.20062717760334,
412,13.7299,4.432668468689883,174.1615822702638,33.49674635487858,3.6302141592966564,174.16789195127103,
413,13.7632,2.8957619734666196,176.5418435292106,17.55946575057888,3.8654611698516987,174.88502007334606,
414,13.7965,2.719321999123565,177.99062654081763,9.68257515483836,5.1249233459790275,176.5092751618148,
415,13.8299,2.454031674527073,179.45276842528085,8.30575672717697,5.609274446445738,176.89132836377885,
416,13.8632,4.112228844718516,178.55729745072014,7.779943856469885,7.449605194569131,179.1855140338175,
417,13.8965,6.521925154521227,176.9313910960098,7.453502011044179,9.908037102758442,178.4281642887816,
418,13.9298,6.567387800940082,177.0848349793663,7.14154768610274,10.619655276155129,176.99428284823577,
419,13.9632,7.5223589234612405,175.9751132025987,5.379754569070826,11.30993247402023,176.34178312224265,
420,13.9965,7.27144555058112,175.49035588694835,1.0522733967614784,11.487019174713112,176.220466548252,
421,14.0298,8.214520406434133,173.8281883802681,8.26213768206378,12.147386375908695,175.67203699326126,
422,14.0631,8.530765609948162,172.69135897466722,14.776175991497041,12.50135405552038,176.11220388095157,
423,14.0965,8.291708593784506,172.55420789008838,16.93797195881959,11.754587544223341,177.23969826048565,
424,14.1298,9.015057448546486,170.90854822404012,22.770189272506286,11.195111426299945,178.06213628835064,
425,14.1631,9.235559093165932,169.99334642088422,52.35303914112839,11.014933927660763,178.7674731041465,
426,14.1964,9.201050346339002,170.41493543393747,38.27579403436735,11.798792449731309,178.16872995163192,
427,14.2298,9.785588893275246,169.355819284096,50.481599923280555,12.106333151107151,177.87329243161022,
428,14.2631,9.064547486024253,169.88796707429552,110.20302006745369,12.187337532917013,177.79615689415454,146.6312845157136
429,14.2964,7.973271232570312,171.13155505721863,123.61334927745725,12.250718587854692,177.51254838135628,173.02943539650337
430,14.3297,7.691161751941081,170.7562657101691,127.3749710549018,12.13508998030494,177.06090372375382,179.7336714960305
431,14.3631,7.765166018425418,170.57455161259182,79.80895202107,12.645939977749663,175.89862685546834,176.34409810583705
432,14.3964,7.474514014242914,170.88656890822128,61.7960317453861,11.440075985606029,176.8182487631483,174.93379348686383
433,14.4297,6.269067388651479,172.12642837378618,45.88504868443786,9.676271099772293,178.53226485290898,154.5184684267009
434,14.463,4.8185001689143405,173.29331182434478,38.84391869296786,6.853635171650296,178.66330602168762,13.384758057696672
435,14.4964,3.305490039772394,174.72770800864382,38.06345732030576,4.723658599161297,175.52484994482387,15.076201260980383
436,14.5297,1.856587512410897,176.13807697579094,27.326504066449417,3.262033477396699,173.44724680534438,14.169007735121653
437,14.563,1.0946905918530092,176.86572336520425,25.68447019302866,2.030914236853107,171.3353034866161,13.900826681250578
438,14.5963,0.6355847941703132,177.0835698247188,29.213958781695254,0.827318374814638,168.98910784978682,16.988292863047633
439,14.6297,1.084333229288461,176.32778826330616,32.434408872444095,0.20834737080618027,167.45256535086762,12.666488169170549
440,14.663,1.3468313314425586,175.83497624143183,30.598388968187294,0.90459503373269,166.67725603107826,3.5374897846691624
441,14.6963,1.6035066224471848,175.19893560370204,32.94448346252051,0.802690451964807,166.1854263238399,13.86698062046193
442,14.7296,3.0081395136432434,173.16187457790926,38.75050487489639,1.0015724356557598,168.91762486318723,47.44640945953742
443,14.763,3.7674834401987596,172.16958443845024,50.4737036371084,2.1911175755890326,171.0191730648148,100.09102032411376
444,14.7963,4.7345501575505295,170.7264186122619,42.99452765820675,2.87779628399187,172.27791010202785,106.31047931946303
445,14.8296,4.647260935180725,170.77561942491099,36.09781992535309,3.4930743024086723,173.98982654454804,90.29222121704336
446,14.8629,4.647260935180725,170.8302849184174,32.953725414959706,4.165164068842159,175.61820406149803,121.74555052099194
447,14.8963,5.011579115167024,170.40489107571605,29.106537716862476,5.330825522428825,177.94177519226736,
448,14.9296,5.275263757478342,170.12554811715628,19.363300849212578,5.611052272543986,178.56804807663266,
449,14.9629,5.8097830879270305,169.48711312035218,14.783025780744424,6.340191745909863,179.308389706601,
450,14.9962,6.546290783294069,168.36660436235888,7.620008646969353,6.850756661779883,179.85960871300108,
451,15.0296,7.907162702958431,167.37191644804162,4.596165220126267,7.765166018425248,178.9595553870695,
452,15.0629,9.612924085375653,165.41356051233052,1.184625524409313,9.243765423695095,177.22779538666867,
453,15.0962,10.87352039525507,164.47211135974987,2.051806042495116,10.469174257711416,176.54993504080363,
454,15.1295,11.018035103783575,165.40018467202788,2.71372877444324,12.755699106537122,173.6219776059011,
455,15.1629,11.729060180781289,164.8425712603637,1.436274985887536,12.281613045412882,174.89563280544218,
456,15.1962,12.148347448422328,165.28788234011267,1.8099218783943627,12.656462409578694,175.27151829874603,79.82627672578035
457,15.2295,11.737186146662225,166.72847235363693,14.528958291617897,12.560237096845583,175.64062987284754,75.31605933741056
458,15.2628,11.711186441445648,167.8534436742879,28.507856820120082,13.334411122035704,175.27382524989162,88.10160043582886
459,15.2962,11.053958989350576,169.76841199064765,20.67906334404941,13.339248903363455,175.28134753016346,85.19347840076315
460,15.3295,9.462322208025626,172.83195476449671,60.67486276763424,13.326946970613221,174.74510496823564,83.83710049414724
461,15.3628,9.145287622801504,173.6762277509533,67.1953781043445,13.072608771297269,174.59262930459718,84.38017041299247
462,15.3961,9.989407426236767,172.65453850291487,68.65707126666722,12.015418406955632,175.00737542861765,86.4807378092108
463,15.4295,10.977545893830609,170.75815869509773,59.11622356535834,10.637214509290061,175.72117792835624,84.70251925261788
464,15.4628,10.715896696580444,170.9390586817836,35.437881918677476,9.0865148867166,177.03485253990155,76.7536162244806
465,15.4961,9.90580554158322,171.3815233999419,19.145499737872626,7.149248015679973,179.04139554256025,46.14373524317568
466,15.5294,8.864623388410735,171.5974293330201,6.8903266384617154,5.425794874810379,178.65363490869692,18.182590608465034
467,15.5628,7.941104020711919,171.41203563053628,22.449961569409,3.524635061698632,176.3206523409425,13.149246427312676
468,15.5961,7.408975985977293,171.66697866125003,32.273520439444155,2.214755127319222,174.65745826914525,10.286994750101115
469,15.6294,8.042894233505365,169.9216020452015,29.79194285538017,1.2025973648524086,172.72346224593818,10.17875335520526
470,15.6627,7.715026526479278,169.78335065923906,21.94233196613476,1.2259871279550225,171.62365379063243,20.32917850318509
471,15.6961,7.877080438783423,169.06633911306707,18.391155878955686,1.0271051347518778,171.38619925720286,32.63278312854459
472,15.7294,8.088392257534963,168.12210754939264,17.854934947641254,1.9280407357053946,173.03909825728087,49.037056646281656
473,15.7627,8.665048600574437,167.14560849694487,29.15136444399559,2.276962775049128,174.693938911371,75.75031624542031
474,15.796,8.997945119440658,166.54762790003545,35.701572644395014,3.04238548662795,176.49165901552718,92.9115957369247
475,15.8294,9.494357865583538,165.6816016999403,61.21347059094438,4.05355423183147,178.49529248552543,111.71850163680824
476,15.8627,9.622994191549367,165.4467630607877,65.27088089781147,4.838306290276819,179.4999605011511,110.37917411965505
477,15.896,9.237129399836704,165.82477843861287,105.04501436034772,5.265326954736679,178.3785369694743,111.81948113766086
478,15.9293,9.365511633560914,165.51445878431278,98.12049033306279,5.418956997670307,178.52622923136707,115.90074572064948
479,15.9627,9.218926138107406,165.85083111422963,100.59386824908945,5.2149282913012485,179.0717984840921,112.27832440168423
480,15.996,8.723380641682922,167.04701074654304,24.380851054193243,5.665566993909522,178.43394640949236,100.89556572577482
481,16.0293,8.60967178077351,168.05108645138012,4.8873994668242915,7.138815910174799,176.77943295389267,88.80806212983859
482,16.0626,8.60967178077351,168.57015574677803,12.8281522738896,8.612352482153767,174.861711080446,88.94544565405637
483,16.096,9.191821865391887,168.4340908563809,6.772792633222252,10.275977250762423,173.39057715177827,79.81364384580216
484,16.1293,9.897559806320146,168.46034651627116,4.899315618075946,10.76427488060449,173.55355620824534,77.7990295944213
485,16.1626,10.566424977208442,167.9572065129785,7.5248751708138,12.586682214228915,172.05132825777162,74.05205705397877
486,16.1959,11.35330550094568,167.5583045779238,11.004916042037593,14.294214617613648,170.85786708459253,77.352060658064
